Recency,Frequency,Monetary,Churn,Churn_Probability
325,12,77556.46,1,0.99
1,8,4921.53,0,0.0
74,5,2019.4,0,0.0
18,4,4428.69,0,0.0
309,1,334.4,1,1.0
374,1,300.93,1,1.0
35,10,2849.84,0,0.0
203,2,406.76,1,1.0
231,1,1079.4,1,1.0
213,2,947.61,1,1.0
22,6,6371.73,0,0.0
32,3,18287.66,0,0.0
1,5,3887.07,0,0.0
57,10,8873.39,0,0.01
51,8,4252.89,0,0.0
286,4,511.25,1,1.0
2,11,5356.2300000000005,0,0.0
109,2,552.0,1,1.0
7,4,1313.1,0,0.0
290,2,641.38,1,1.0
633,1,500.24,1,1.0
3,1,168.9,0,0.0
627,1,917.7,1,1.0
412,3,1791.15,1,1.0
50,7,4316.56,0,0.0
44,5,4067.38,0,0.0
71,3,1298.04,0,0.0
310,3,1127.65,1,1.0
24,4,2989.2200000000003,0,0.0
10,2,457.5,0,0.0
389,2,503.15,1,1.0
314,4,3426.32,1,1.0
129,2,5416.32,1,1.0
81,4,1620.22,0,0.01
21,11,9676.3,0,0.0
4,5,1845.31,0,0.0
184,5,1850.56,1,0.99
28,2,585.27,0,0.0
378,1,1938.4,1,1.0
337,2,401.9,1,1.0
414,1,143.94,1,1.0
15,8,3901.11,0,0.0
402,3,1433.33,1,1.0
79,1,549.84,0,0.0
21,6,2724.84,0,0.0
590,1,234.75000000000003,1,1.0
71,6,2399.45,0,0.0
63,2,1272.48,0,0.01
18,15,4721.17,0,0.0
673,1,931.43,1,1.0
35,2,2409.9,0,0.0
45,1,1635.66,0,0.0
118,7,1962.3,1,1.0
413,1,205.25,1,1.0
302,1,84.3,1,1.0
322,6,1256.9,1,1.0
49,2,1019.36,0,0.0
681,1,63.24,1,1.0
148,1,1710.39,1,1.0
21,5,6390.36,0,0.0
49,5,1708.12,0,0.0
32,8,4340.77,0,0.0
78,7,23419.29,0,0.0
308,3,1013.71,1,1.0
409,1,346.9,1,1.0
74,6,2596.93,0,0.0
66,4,999.45,0,0.0
216,6,952.41,1,1.0
23,28,144458.37,0,0.02
656,1,202.56,1,1.0
2,20,6797.41,0,0.0
112,4,2021.2,1,1.0
385,2,503.01,1,1.0
63,1,600.39,0,0.0
15,6,1098.6,0,0.0
95,17,5231.8,1,0.97
0,10,2622.39,0,0.0
162,4,3340.0299999999997,1,1.0
77,2,1741.41,0,0.0
194,2,1345.21,1,0.99
21,3,825.8,0,0.0
25,9,7956.46,0,0.0
8,8,6204.41,0,0.0
42,1,256.4,0,0.0
35,27,10432.22,0,0.0
42,5,5059.32,0,0.0
0,10,16794.14,0,0.0
84,3,1103.43,0,0.0
79,6,13925.93,0,0.0
99,1,509.01,1,1.0
1,39,12683.4,0,0.0
13,2,2906.85,0,0.01
682,2,1142.88,1,1.0
461,2,859.2,1,1.0
366,1,173.55,1,1.0
2,1,172.06,0,0.0
731,1,485.31,1,1.0
20,5,5005.46,0,0.0
21,2,434.98,0,0.0
57,1,1002.31,0,0.0
242,1,476.49,1,1.0
43,1,449.45,0,0.0
21,6,4835.89,0,0.0
155,5,688.2,1,1.0
10,8,12669.88,0,0.01
16,2,430.57,0,0.0
133,1,707.09,1,1.0
55,5,16679.78,0,0.05
72,10,5879.95,0,0.0
43,3,3181.04,0,0.0
65,8,2995.91,0,0.0
70,4,1777.49,0,0.01
604,1,454.36,1,1.0
455,1,326.65,1,1.0
93,2,826.88,1,1.0
18,2,1189.59,0,0.0
52,4,1344.78,0,0.0
9,8,1212.05,0,0.0
16,2,742.1899999999999,0,0.0
681,1,56.73,1,1.0
422,1,132.8,1,1.0
187,5,3670.74,1,1.0
522,2,3070.54,1,1.0
689,1,211.95,1,1.0
1,79,39918.19,0,0.0
31,19,16249.29,0,0.02
28,5,3928.05,0,0.0
16,31,12372.75,0,0.0
53,2,1149.64,0,0.0
15,23,14083.91,0,0.0
22,9,20276.37,0,0.0
3,1,680.99,0,0.0
10,1,527.2,0,0.0
27,7,5464.85,0,0.0
22,15,12185.51,0,0.0
575,29,23691.4,1,0.96
16,19,5097.18,0,0.0
32,12,6354.1,0,0.0
528,1,708.1,1,1.0
431,1,1037.28,1,1.0
730,1,285.3,1,1.0
9,3,1298.66,0,0.0
335,1,334.93,1,1.0
4,21,9823.64,0,0.0
38,1,460.4,0,0.0
62,3,715.21,0,0.0
165,2,433.74,1,1.0
15,9,1815.27,0,0.0
640,1,357.4,1,1.0
619,2,45.34,1,0.99
81,3,6248.5,0,0.01
20,3,403.7000000000001,0,0.0
559,1,393.72,1,1.0
22,19,5955.21,0,0.0
336,1,2169.39,1,1.0
95,5,3723.87,1,1.0
583,1,1126.0,1,1.0
17,4,779.05,0,0.0
408,1,955.2,1,1.0
232,1,73.5,1,1.0
133,4,1844.06,1,0.99
25,2,397.88,0,0.0
283,1,176.5,1,1.0
142,9,5178.02,1,1.0
428,1,3084.02,1,1.0
65,2,132.18,0,0.02
112,1,612.29,1,1.0
266,2,1597.76,1,1.0
352,1,383.7,1,1.0
77,4,2648.62,0,0.0
27,5,2481.6,0,0.0
0,5,2056.89,0,0.0
63,2,716.54,0,0.0
78,5,2634.26,0,0.0
142,1,599.68,1,1.0
38,2,192.72,0,0.01
18,23,4352.35,0,0.0
8,17,11126.11,0,0.01
497,3,973.73,1,1.0
0,3,1316.66,0,0.01
81,5,735.51,0,0.03
8,6,1933.48,0,0.0
527,1,316.48,1,1.0
59,9,3759.26,0,0.0
14,2,1933.2,0,0.0
29,1,349.83000000000004,0,0.0
627,2,1367.89,1,0.99
130,1,1089.18,1,1.0
91,2,716.35,1,0.99
42,3,12601.830000000002,0,0.0
408,1,732.94,1,1.0
28,2,640.45,0,0.0
21,7,11214.75,0,0.0
19,33,22254.49,0,0.0
29,3,981.18,0,0.0
483,2,481.88,1,1.0
447,1,980.25,1,1.0
35,1,372.7,0,0.0
74,2,1000.39,0,0.0
46,2,1161.5,0,0.0
197,3,383.58,1,1.0
165,1,95.2,1,1.0
575,6,1575.68,1,1.0
78,1,964.83,0,0.0
357,1,168.0,1,1.0
38,2,437.82,0,0.0
7,12,4608.75,0,0.0
448,1,468.5,1,1.0
681,1,129.23,1,1.0
49,2,599.56,0,0.0
15,8,18096.14,0,0.01
7,1,269.96,0,0.0
310,2,561.71,1,1.0
4,3,2134.01,0,0.01
302,1,238.85,1,1.0
7,9,4966.92,0,0.0
408,1,249.24,1,1.0
260,1,456.9,1,1.0
288,1,145.92,1,1.0
85,1,351.65,0,0.0
22,15,11767.48,0,0.0
644,1,70.0,1,1.0
1,32,4124.69,0,0.0
681,1,77.52,1,1.0
39,2,519.61,0,0.0
8,2,1020.42,0,0.0
226,5,717.41,1,1.0
315,1,218.45,1,1.0
456,2,622.82,1,1.0
35,8,2142.72,0,0.01
34,8,1617.1,0,0.0
20,4,4642.45,0,0.0
77,1,440.42,0,0.0
246,2,1052.9,1,1.0
39,1,197.71,0,0.0
238,4,1980.4,1,1.0
2,27,13591.58,0,0.0
3,9,2338.15,0,0.0
233,2,2040.1,1,1.0
16,4,2062.67,0,0.03
7,1,144.0,0,0.0
38,4,958.78,0,0.0
28,8,4695.66,0,0.0
210,2,9864.26,1,1.0
316,3,1338.95,1,1.0
91,5,2582.66,1,0.88
108,3,418.1,1,1.0
37,15,5090.11,0,0.0
504,1,299.02,1,1.0
50,2,618.27,0,0.0
18,4,3811.22,0,0.0
9,11,4534.09,0,0.0
28,13,2296.72,0,0.0
28,21,4967.42,0,0.0
189,6,681.26,1,1.0
58,1,153.12,0,0.0
21,1,739.1999999999999,0,0.0
78,2,254.18,0,0.0
375,4,1232.95,1,1.0
681,1,21.0,1,0.99
59,1,1579.51,0,0.0
404,1,415.79,1,1.0
77,9,3435.86,0,0.0
22,5,2099.54,0,0.0
51,1,1193.32,0,0.01
73,1,704.04,0,0.0
56,10,6817.37,0,0.0
277,1,315.6,1,1.0
1,8,5740.98,0,0.0
94,3,1131.1,1,0.99
28,1,352.98,0,0.0
21,1,177.31,0,0.0
15,10,3781.38,0,0.0
14,3,1339.41,0,0.01
1,35,24311.2,0,0.0
231,1,180.1,1,1.0
275,7,3747.84,1,1.0
105,2,641.13,1,0.98
211,4,5164.88,1,0.99
22,9,6620.48,0,0.0
10,7,4478.53,0,0.0
3,3,786.46,0,0.0
385,2,1558.22,1,1.0
9,2,1270.88,0,0.0
56,6,3481.57,0,0.0
520,2,804.88,1,1.0
58,7,5678.16,0,0.0
535,2,490.0,1,1.0
89,4,2930.41,0,0.0
738,1,141.0,1,1.0
66,12,8283.81,0,0.0
32,2,921.49,0,0.0
238,3,1312.37,1,1.0
23,3,1174.58,0,0.01
114,1,185.9,1,1.0
24,3,1013.26,0,0.0
127,12,8304.82,1,0.96
129,4,1918.49,1,0.98
33,8,3539.3,0,0.0
4,2,1346.97,0,0.0
21,36,16955.55,0,0.0
154,4,1112.0,1,1.0
106,8,2294.65,1,1.0
2,1,314.44,0,0.0
334,4,377.75,1,1.0
330,2,1017.03,1,1.0
148,3,4160.83,1,1.0
10,5,601.98,0,0.0
423,1,261.35,1,1.0
16,8,6407.83,0,0.0
10,4,1643.18,0,0.0
18,1,686.05,0,0.0
29,1,91.68,0,0.0
10,1,245.1,0,0.0
435,1,162.0,1,1.0
0,20,6726.54,0,0.0
624,2,239.4,1,1.0
7,11,6070.04,0,0.0
324,3,313.6,1,1.0
393,1,1248.42,1,1.0
57,1,620.13,0,0.0
11,10,11383.03,0,0.0
150,3,2744.0299999999997,1,1.0
9,7,3760.29,0,0.0
605,1,2622.481,1,0.99
329,2,437.05,1,1.0
4,3,1230.02,0,0.0
38,4,1970.6,0,0.0
553,2,957.25,1,1.0
24,11,2843.09,0,0.0
554,2,395.1,1,1.0
41,21,34281.18,0,0.0
58,4,1113.02,0,0.01
0,4,880.81,0,0.0
14,45,29834.76,0,0.0
3,52,22950.22,0,0.0
3,21,11633.7,0,0.0
7,7,2283.63,0,0.0
27,6,2863.08,0,0.0
371,1,89.14,1,1.0
480,2,2138.91,1,1.0
113,1,4873.8099999999995,1,0.99
25,2,1247.61,0,0.0
205,1,389.01,1,1.0
27,7,1170.4,0,0.0
636,1,110.95,1,1.0
126,7,1703.02,1,0.98
69,3,1843.35,0,0.0
6,7,1407.12,0,0.0
434,2,851.91,1,1.0
28,3,957.59,0,0.0
589,1,339.75,1,1.0
417,1,638.11,1,1.0
7,4,4939.99,0,0.0
79,6,2446.41,0,0.0
19,1,219.0,0,0.0
70,4,1006.53,0,0.0
6,8,2340.84,0,0.0
14,14,11762.1,0,0.0
291,1,603.42,1,1.0
29,18,5117.66,0,0.0
14,34,30291.76,0,0.0
96,3,1149.02,1,0.99
611,2,1339.05,1,1.0
28,21,6723.03,0,0.0
0,1,848.55,0,0.0
8,12,14093.71,0,0.0
105,1,343.36,1,1.0
3,2,1053.49,0,0.0
150,3,1308.91,1,1.0
70,1,238.25,0,0.0
4,2,644.95,0,0.0
2,30,7787.28,0,0.0
31,8,4013.08,0,0.0
84,4,997.63,0,0.0
3,5,725.07,0,0.0
4,7,2317.52,0,0.0
370,4,2266.76,1,1.0
27,11,4014.6,0,0.0
10,10,5679.53,0,0.0
70,5,1070.17,0,0.0
113,1,453.01,1,1.0
521,1,829.25,1,1.0
23,17,25775.71,0,0.0
179,1,236.26,1,1.0
233,4,2424.87,1,1.0
352,3,639.65,1,1.0
314,2,779.5699999999999,1,0.99
332,1,234.0,1,1.0
498,2,3710.5,1,1.0
371,1,155.35,1,1.0
77,4,2726.73,0,0.0
63,1,427.6,0,0.0
528,2,406.07,1,1.0
625,1,1201.52,1,1.0
133,2,540.13,1,1.0
51,11,25317.06,0,0.0
486,3,925.41,1,1.0
540,1,254.55,1,1.0
1,26,8898.48,0,0.0
0,337,53539.64,0,0.01
3,9,6897.36,0,0.0
128,1,275.88,1,1.0
444,1,268.27,1,1.0
80,1,4366.78,0,0.0
22,6,21429.39,0,0.0
235,3,3010.74,1,1.0
280,11,5236.26,1,1.0
86,1,112.08,0,0.0
15,13,7834.650000000001,0,0.0
116,7,9903.24,1,0.96
51,8,5020.74,0,0.0
455,1,347.8,1,1.0
457,2,782.95,1,1.0
7,2,1898.52,0,0.0
137,2,494.08,1,1.0
316,1,1693.88,1,1.0
471,6,1404.58,1,1.0
3,9,8918.99,0,0.0
375,1,949.82,1,1.0
450,1,168.69,1,1.0
238,1,1143.6,1,1.0
210,2,3246.45,1,1.0
485,1,282.3,1,1.0
59,1,892.47,0,0.0
563,1,124.25,1,1.0
535,1,98.7,1,1.0
16,7,1686.12,0,0.0
667,1,55.5,1,1.0
457,1,519.45,1,1.0
19,9,1775.6799999999998,0,0.0
37,14,6474.11,0,0.0
598,1,337.4,1,1.0
63,2,826.74,0,0.0
4,11,4618.24,0,0.0
1,6,2225.91,0,0.0
8,3,1763.15,0,0.01
363,3,1100.4,1,1.0
609,1,728.5,1,1.0
9,4,862.18,0,0.0
462,4,444.9,1,1.0
64,3,273.35,0,0.0
191,2,591.85,1,0.99
373,6,863.51,1,0.99
256,2,827.01,1,1.0
334,3,885.53,1,1.0
52,2,860.41,0,0.0
18,1,430.48,0,0.0
627,1,381.0,1,1.0
365,2,552.08,1,1.0
9,4,8510.93,0,0.01
528,1,219.35,1,1.0
469,3,584.25,1,1.0
500,1,1071.82,1,0.99
186,7,2416.42,1,0.99
392,1,1092.81,1,1.0
465,2,325.37,1,1.0
381,4,1434.95,1,1.0
434,4,2878.96,1,1.0
382,1,330.34999999999997,1,1.0
36,5,776.7,0,0.0
177,3,1755.94,1,1.0
534,2,534.99,1,1.0
260,5,1033.9,1,1.0
44,1,229.64,0,0.0
501,3,1687.8,1,1.0
101,1,125.92,1,1.0
147,2,1063.46,1,0.99
95,2,572.2,1,0.99
280,3,690.98,1,1.0
261,1,1542.08,1,1.0
457,1,540.52,1,1.0
2,11,2689.52,0,0.0
213,2,220.8,1,1.0
70,2,948.88,0,0.0
74,18,6501.5,0,0.0
59,1,397.12,0,0.0
520,2,518.63,1,1.0
2,12,2800.75,0,0.0
5,3,430.15,0,0.0
2,6,1018.71,0,0.0
336,3,385.3,1,1.0
37,6,6814.64,0,0.0
261,3,451.11,1,1.0
31,2,383.03,0,0.0
144,1,417.38,1,0.99
282,1,312.38,1,1.0
427,41,5996.83,1,0.98
58,15,6559.7300000000005,0,0.0
172,2,662.66,1,0.99
33,10,2975.91,0,0.0
2,26,9669.12,0,0.0
143,7,4041.97,1,0.99
4,40,6958.2,0,0.0
69,4,1917.99,0,0.0
65,30,6583.36,0,0.0
28,4,648.6,0,0.0
266,4,354.09000000000003,1,1.0
681,1,15.58,1,1.0
21,2,1609.0,0,0.0
675,1,208.0,1,1.0
30,6,3042.4700000000003,0,0.0
445,1,330.0,1,1.0
96,2,280.76,1,1.0
294,1,311.55,1,1.0
134,11,3907.5,1,1.0
78,7,2970.9700000000003,0,0.0
372,4,612.84,1,1.0
7,6,2170.78,0,0.01
210,6,3688.0,1,1.0
382,1,147.27,1,1.0
458,1,575.1,1,1.0
692,1,54.22,1,1.0
619,1,68.25,1,1.0
425,2,984.62,1,1.0
51,6,2792.55,0,0.0
137,2,299.57,1,1.0
25,4,3323.47,0,0.0
282,3,1227.35,1,1.0
25,13,7829.26,0,0.0
185,8,2043.76,1,0.99
681,1,337.66999999999996,1,1.0
374,3,1676.95,1,1.0
83,3,744.02,0,0.01
326,12,3283.96,1,0.99
281,3,2027.3,1,1.0
384,2,948.42,1,1.0
142,5,1356.9900000000002,1,1.0
57,4,4081.79,0,0.0
3,20,2942.14,0,0.01
235,2,854.99,1,1.0
44,3,573.22,0,0.0
381,2,640.13,1,1.0
275,1,298.0,1,1.0
8,2,1463.04,0,0.0
24,4,703.47,0,0.0
87,1,309.05,0,0.0
62,3,1175.22,0,0.01
67,2,1378.4,0,0.01
383,1,222.4,1,1.0
213,2,354.12,1,1.0
380,4,385.46,1,1.0
23,2,706.02,0,0.0
185,11,840.5,1,1.0
396,1,263.38,1,1.0
30,1,176.55,0,0.0
574,1,157.35,1,1.0
41,2,372.8,0,0.01
204,4,514.25,1,1.0
463,2,296.21,1,1.0
413,1,366.4,1,1.0
421,1,340.33000000000004,1,1.0
8,28,17654.54,0,0.0
264,1,138.68,1,1.0
428,1,833.5300000000001,1,1.0
17,2,496.06,0,0.0
576,2,1018.42,1,1.0
11,5,2919.81,0,0.0
395,2,508.91,1,1.0
175,5,1776.0,1,1.0
39,8,3103.19,0,0.0
22,13,5796.52,0,0.0
551,1,1651.72,1,1.0
2,5,1662.3,0,0.0
4,13,6283.24,0,0.0
400,1,223.98,1,1.0
148,4,975.1,1,1.0
138,7,4479.73,1,1.0
127,6,4359.2,1,0.99
625,1,10953.5,1,1.0
7,6,1335.19,0,0.0
16,4,486.64,0,0.0
8,74,35233.24,0,0.0
160,1,405.38,1,1.0
63,3,770.42,0,0.0
87,12,2469.4,0,0.01
4,3,729.3299999999999,0,0.0
410,4,1523.97,1,1.0
394,1,197.31,1,1.0
34,12,4304.89,0,0.0
311,1,117.85,1,1.0
77,2,415.8,0,0.0
21,57,92347.34,0,0.0
538,8,1698.56,1,1.0
23,8,1636.63,0,0.01
736,1,181.65,1,1.0
1,15,4243.86,0,0.0
16,4,1063.9,0,0.0
14,9,3097.61,0,0.0
25,1,114.14,0,0.0
63,20,25264.8,0,0.0
54,2,899.69,0,0.0
723,1,377.49,1,1.0
130,3,675.6,1,1.0
557,2,496.5,1,1.0
35,2,604.51,0,0.0
287,2,900.11,1,1.0
436,1,324.45,1,1.0
143,6,1603.99,1,0.99
15,9,2317.43,0,0.0
30,22,15526.7,0,0.0
1,3,1843.0,0,0.0
8,15,3213.7200000000003,0,0.0
5,4,1387.79,0,0.0
9,2,828.8100000000001,0,0.0
638,1,162.45,1,1.0
0,11,4757.16,0,0.0
305,4,521.89,1,1.0
9,13,8706.97,0,0.0
399,2,467.34,1,1.0
483,1,150.95,1,1.0
413,4,1322.0700000000002,1,1.0
378,1,211.99,1,1.0
6,2,266.39,0,0.0
7,12,3235.79,0,0.0
436,1,132.24,1,1.0
88,1,769.8100000000001,0,0.0
9,1,160.18,0,0.0
357,3,2938.52,1,1.0
111,1,135.95,1,1.0
602,1,122.45,1,1.0
6,10,1453.6,0,0.0
3,116,15704.6,0,0.01
413,4,1161.2,1,1.0
413,1,385.55,1,1.0
197,2,408.95,1,1.0
436,6,2100.09,1,1.0
211,8,3156.38,1,1.0
155,4,513.88,1,1.0
384,5,2502.82,1,1.0
728,1,517.7,1,1.0
157,21,16245.78,1,1.0
29,2,372.22,0,0.0
242,8,2744.81,1,1.0
597,1,490.08,1,1.0
18,1,97.5,0,0.0
0,2,1239.38,0,0.0
428,10,2729.84,1,0.99
73,5,1312.21,0,0.0
291,1,505.82,1,1.0
2,33,13551.75,0,0.0
30,7,955.5,0,0.0
22,3,764.82,0,0.0
724,1,93.35,1,1.0
22,8,1259.63,0,0.0
3,3,974.42,0,0.0
84,1,211.32,0,0.01
375,1,355.5,1,1.0
21,8,2110.91,0,0.0
492,3,920.08,1,1.0
195,3,455.88,1,1.0
106,4,1032.5,1,1.0
3,33,24042.65,0,0.0
317,3,414.13,1,1.0
105,3,149.05,1,0.96
11,36,11650.85,0,0.0
173,4,999.68,1,1.0
55,1,81.57,0,0.0
579,1,175.25,1,1.0
322,3,612.13,1,1.0
672,1,234.0,1,1.0
373,2,330.12,1,1.0
371,1,50.55,1,1.0
8,11,2957.83,0,0.0
0,29,11097.43,0,0.0
10,11,5381.08,0,0.0
52,11,6579.78,0,0.0
72,3,789.89,0,0.0
6,1,204.0,0,0.0
15,35,9763.16,0,0.0
378,6,1229.95,1,0.99
562,2,618.96,1,1.0
3,17,4887.24,0,0.0
429,1,65.3,1,1.0
63,3,1449.03,0,0.01
470,2,555.87,1,1.0
731,1,323.39,1,1.0
0,9,1733.08,0,0.0
113,19,17239.2,1,0.98
22,2,661.3199999999999,0,0.0
30,5,1927.3,0,0.0
10,2,752.4399999999999,0,0.0
406,5,3292.84,1,1.0
51,9,2815.96,0,0.0
356,2,220.55,1,1.0
54,3,756.8199999999999,0,0.0
73,3,1364.2,0,0.0
684,1,307.1,1,1.0
137,12,3914.95,1,1.0
79,3,908.46,0,0.0
583,4,1010.73,1,1.0
8,2,676.99,0,0.0
450,4,799.13,1,1.0
597,3,1488.59,1,1.0
272,1,516.42,1,1.0
290,11,4848.05,1,1.0
98,3,808.92,1,0.99
30,3,949.25,0,0.0
31,24,8428.53,0,0.0
13,9,4049.13,0,0.0
63,4,1408.24,0,0.01
14,35,11986.52,0,0.0
578,2,155.8,1,1.0
211,7,3119.33,1,1.0
621,1,127.65,1,1.0
77,4,2321.11,0,0.0
550,1,209.48,1,1.0
529,3,709.59,1,1.0
24,3,271.40000000000003,0,0.0
249,10,2291.77,1,1.0
253,1,307.53000000000003,1,1.0
71,1,248.61,0,0.0
190,1,346.98,1,1.0
480,1,188.4,1,1.0
12,6,1666.84,0,0.0
372,5,1055.05,1,1.0
23,2,470.8,0,0.0
81,3,508.51,0,0.0
9,2,344.0,0,0.0
0,38,9284.45,0,0.0
191,4,751.7,1,1.0
611,1,129.22,1,1.0
266,1,177.15,1,1.0
410,2,418.08,1,1.0
510,4,1378.74,1,0.99
129,1,919.61,1,1.0
457,1,135.4,1,1.0
0,11,2740.65,0,0.0
2,57,29018.06,0,0.0
3,6,419.18,0,0.02
178,4,280.73,1,1.0
11,28,56838.37,0,0.0
125,21,7335.75,1,0.98
3,3,395.43,0,0.0
491,1,122.4,1,1.0
157,8,2433.28,1,1.0
382,1,439.33,1,1.0
725,1,313.64,1,1.0
416,1,236.11,1,1.0
2,203,113416.91,0,0.0
8,24,13091.74,0,0.0
27,3,2321.82,0,0.0
70,12,2140.28,0,0.02
275,55,54144.25,1,0.97
20,13,2209.44,0,0.0
70,1,74.39999999999999,0,0.01
393,1,419.7000000000001,1,1.0
32,28,13324.1,0,0.0
0,28,28882.44,0,0.0
98,1,207.36,1,1.0
233,4,695.4,1,1.0
0,37,11380.1,0,0.01
39,3,709.64,0,0.0
2,9,1709.1,0,0.0
435,1,72.0,1,1.0
132,2,603.46,1,0.99
43,9,5253.07,0,0.0
372,2,748.4599999999999,1,1.0
59,3,1134.03,0,0.0
30,12,2957.4700000000003,0,0.0
718,1,321.88000000000005,1,1.0
540,1,20.6,1,1.0
0,37,18230.07,0,0.01
730,1,234.38,1,1.0
11,10,5494.7,0,0.0
137,1,501.14,1,1.0
21,18,2255.66,0,0.0
19,9,2415.41,0,0.0
668,1,134.9,1,1.0
238,1,30.6,1,1.0
268,1,283.73,1,1.0
93,2,922.39,1,1.0
472,2,506.75,1,1.0
89,4,4641.66,0,0.0
523,1,148.62,1,1.0
4,13,3774.81,0,0.0
77,1,259.17,0,0.0
630,1,263.5,1,1.0
451,2,233.25,1,0.99
93,1,64.0,1,0.99
22,7,3313.77,0,0.0
261,1,77.3,1,1.0
273,3,200.45,1,0.99
85,6,2475.23,0,0.0
196,2,3371.45,1,1.0
55,13,6274.56,0,0.0
10,16,7586.94,0,0.0
21,7,1274.01,0,0.0
15,8,8202.98,0,0.0
107,5,1054.92,1,1.0
84,17,7656.08,0,0.0
18,1,307.09000000000003,0,0.0
584,1,405.1,1,1.0
332,2,135.35,1,1.0
39,7,1128.52,0,0.0
25,1,228.91,0,0.0
9,4,712.8,0,0.0
28,26,8497.82,0,0.0
13,4,1676.06,0,0.0
483,3,449.97,1,1.0
295,3,2465.21,1,0.99
416,7,2146.38,1,1.0
5,1,486.22,0,0.0
398,3,1624.84,1,1.0
32,6,1370.48,0,0.0
384,3,1586.54,1,1.0
48,9,5687.36,0,0.0
94,5,1508.18,1,0.97
8,4,1429.35,0,0.0
21,1,91.8,0,0.0
312,2,472.13,1,1.0
121,16,9275.49,1,0.96
609,1,17.65,1,1.0
568,2,372.2,1,1.0
45,3,1451.16,0,0.0
282,2,875.93,1,1.0
18,5,1125.15,0,0.0
35,5,1840.73,0,0.0
63,3,840.08,0,0.0
26,1,108.81,0,0.0
21,3,468.41,0,0.0
399,1,69.6,1,1.0
3,11,2399.82,0,0.0
15,12,7995.36,0,0.0
581,2,831.45,1,1.0
45,1,481.49,0,0.0
64,2,512.2,0,0.0
25,21,14059.19,0,0.0
618,1,572.3100000000001,1,1.0
606,1,86.10000000000001,1,1.0
380,1,359.69,1,1.0
44,1,121.18,0,0.0
7,15,7036.18,0,0.0
14,10,1668.95,0,0.0
267,1,71.4,1,1.0
39,3,1575.89,0,0.0
336,4,341.36,1,1.0
10,1,114.6,0,0.0
18,2,260.68,0,0.0
543,3,570.66,1,1.0
657,1,164.69,1,1.0
94,6,2558.58,1,1.0
60,1,112.08,0,0.0
135,2,472.78,1,0.99
413,1,136.73,1,1.0
10,7,3068.84,0,0.0
609,1,373.0100000000001,1,1.0
9,8,4974.2300000000005,0,0.0
3,67,15964.21,0,0.01
18,4,870.09,0,0.0
501,4,1233.06,1,1.0
393,7,1580.3,1,1.0
9,10,2648.25,0,0.0
730,1,966.66,1,1.0
442,1,2803.2,1,1.0
399,13,8308.19,1,0.98
14,4,535.86,0,0.01
58,9,1976.3,0,0.01
29,13,8509.51,0,0.0
93,1,353.48,1,0.99
9,10,2618.77,0,0.0
19,3,786.83,0,0.0
56,11,3851.52,0,0.0
417,7,3264.23,1,1.0
401,1,81.6,1,1.0
267,1,333.74,1,1.0
121,4,666.48,1,1.0
126,1,62.63999999999999,1,1.0
617,1,76.23,1,1.0
77,5,1336.09,0,0.0
239,2,847.41,1,1.0
576,1,88.5,1,0.99
199,6,969.12,1,1.0
59,2,2155.95,0,0.0
2,16,16260.07,0,0.01
272,2,312.46,1,1.0
201,1,257.7,1,1.0
80,1,358.0,0,0.0
225,1,160.95,1,1.0
3,30,6120.01,0,0.0
12,7,1328.35,0,0.0
73,4,1176.46,0,0.0
672,2,346.5,1,1.0
211,1,1031.07,1,1.0
24,2,744.85,0,0.0
387,1,643.0,1,1.0
16,6,1006.63,0,0.0
261,5,1594.69,1,0.99
95,8,1475.79,1,1.0
411,1,112.53,1,1.0
111,7,699.4,1,1.0
202,5,1220.38,1,1.0
92,1,121.74,1,0.99
50,2,989.22,0,0.0
17,11,3351.75,0,0.0
17,4,501.12,0,0.01
124,2,465.68,1,1.0
91,9,1608.9299999999998,1,0.97
460,2,253.09,1,1.0
401,1,252.68,1,1.0
393,2,399.3,1,1.0
156,4,2951.11,1,0.99
375,1,51.41,1,1.0
8,3,678.76,0,0.0
13,1,0.0,0,0.0
435,1,149.75,1,1.0
11,5,1009.43,0,0.0
61,9,1402.54,0,0.01
60,1,557.62,0,0.0
268,2,944.1,1,1.0
262,3,573.45,1,1.0
0,39,8676.2,0,0.0
442,1,722.5600000000001,1,1.0
52,5,2092.66,0,0.0
10,19,6135.04,0,0.0
2,36,9429.81,0,0.0
17,11,3174.75,0,0.0
0,28,8537.32,0,0.0
365,1,590.0,1,1.0
36,1,211.49,0,0.0
30,2,276.56,0,0.0
112,1,138.98,1,1.0
408,1,360.85,1,1.0
383,2,238.86,1,1.0
63,5,1891.91,0,0.0
15,7,523.3,0,0.02
40,4,1435.85,0,0.01
77,1,137.75,0,0.0
121,7,2293.33,1,1.0
438,1,350.85,1,1.0
17,4,1313.19,0,0.0
59,4,373.36,0,0.0
330,1,201.19,1,1.0
22,6,3364.59,0,0.0
599,1,734.91,1,1.0
602,3,781.59,1,1.0
442,5,927.61,1,1.0
723,1,307.95,1,1.0
437,1,208.63,1,1.0
155,11,3270.79,1,1.0
38,5,994.51,0,0.0
391,6,1192.94,1,1.0
189,3,1689.53,1,1.0
359,4,1101.97,1,0.99
136,6,792.51,1,0.99
7,7,4368.62,0,0.0
0,1,360.0,0,0.0
267,3,1218.7,1,1.0
168,3,1285.51,1,1.0
103,4,618.09,1,1.0
154,2,159.2,1,1.0
399,1,61.72,1,1.0
350,4,1217.99,1,1.0
3,16,3616.41,0,0.0
429,1,53.65,1,1.0
119,3,273.34,1,0.97
22,4,1670.37,0,0.0
6,6,1706.37,0,0.0
27,5,1541.2,0,0.0
3,2,598.57,0,0.0
450,1,124.75,1,1.0
21,12,3445.32,0,0.0
1,3,775.94,0,0.0
688,1,310.26000000000005,1,1.0
36,10,12940.82,0,0.0
65,19,6486.091,0,0.0
0,3,640.76,0,0.0
4,58,21323.22,0,0.0
77,6,2211.6,0,0.0
71,2,567.36,0,0.0
16,1,199.48,0,0.0
2,5,787.85,0,0.0
35,18,10513.47,0,0.0
81,1,675.3,0,0.0
431,1,281.76,1,1.0
38,20,9134.48,0,0.0
315,1,1308.48,1,1.0
31,8,4808.7699999999995,0,0.0
92,6,2796.1,1,0.98
401,1,262.4,1,1.0
13,1,350.9,0,0.0
410,3,1015.74,1,1.0
81,5,6201.8,0,0.01
76,1,795.12,0,0.0
545,1,1575.26,1,1.0
157,4,2445.62,1,1.0
200,1,860.12,1,1.0
44,12,22100.56,0,0.0
260,1,775.85,1,1.0
177,1,353.43,1,1.0
67,3,2511.69,0,0.0
287,1,389.5,1,1.0
462,6,299.4,1,0.98
69,1,341.35999999999996,0,0.0
63,1,233.76,0,0.0
10,1,247.32,0,0.0
15,2,979.12,0,0.0
65,1,373.94,0,0.0
59,1,397.98,0,0.0
70,1,743.53,0,0.0
121,1,674.7,1,1.0
79,1,768.24,0,0.0
256,5,3805.51,1,1.0
268,1,439.03,1,1.0
63,2,1043.31,0,0.0
431,4,1553.65,1,1.0
471,2,1450.5,1,1.0
8,7,5394.07,0,0.0
17,3,1723.86,0,0.0
70,1,134.96,0,0.0
33,2,2225.37,0,0.0
49,1,56.16,0,0.0
431,1,510.2,1,1.0
256,4,1121.5,1,1.0
365,1,308.28000000000003,1,1.0
371,1,754.87,1,1.0
504,2,2297.66,1,1.0
89,1,378.64,0,0.0
60,6,7587.19,0,0.0
414,2,422.8,1,1.0
88,2,1792.23,0,0.0
98,3,1019.76,1,1.0
396,2,1552.88,1,1.0
25,3,572.56,0,0.0
432,1,62.4,1,1.0
31,12,8224.37,0,0.0
280,5,1387.58,1,1.0
543,1,305.28000000000003,1,1.0
30,11,6680.83,0,0.0
329,1,534.57,1,1.0
413,2,835.46,1,1.0
416,1,186.94,1,1.0
130,3,1185.65,1,0.99
10,3,797.96,0,0.01
74,1,544.08,0,0.0
203,1,59.8,1,1.0
676,1,91.14,1,1.0
583,4,1131.45,1,1.0
1,19,6621.7,0,0.0
184,3,1180.23,1,0.99
28,2,1360.99,0,0.0
72,10,3191.87,0,0.0
191,2,670.34,1,0.98
463,3,275.4,1,0.99
582,1,310.83,1,1.0
126,4,1226.85,1,1.0
17,3,229.5,0,0.0
0,2,252.49,0,0.0
73,6,1213.811,0,0.0
426,2,568.92,1,1.0
578,3,2244.7,1,1.0
1,106,50174.782,0,0.0
23,9,2201.96,0,0.0
106,1,213.55,1,1.0
619,1,487.35,1,1.0
639,6,429.44,1,1.0
133,6,2494.14,1,1.0
472,4,784.17,1,1.0
43,3,940.8,0,0.0
4,6,1669.49,0,0.0
11,31,11559.66,0,0.0
63,1,221.06,0,0.0
149,2,159.85,1,1.0
39,8,4058.75,0,0.0
63,1,2626.3,0,0.0
428,1,217.03,1,1.0
449,1,572.77,1,1.0
107,5,3390.4300000000003,1,1.0
0,22,8167.38,0,0.0
18,6,1006.53,0,0.0
9,3,478.54,0,0.0
10,4,1006.8,0,0.0
18,2,679.4499999999999,0,0.0
66,8,3316.24,0,0.0
570,2,439.1,1,1.0
500,4,658.32,1,1.0
73,5,1666.86,0,0.0
4,9,4447.33,0,0.0
1,1,196.89,0,0.01
13,7,3408.06,0,0.0
546,1,46.5,1,1.0
254,3,986.61,1,1.0
422,7,1295.25,1,0.99
91,2,720.9,1,0.99
666,3,419.87,1,1.0
448,6,1273.16,1,1.0
373,2,619.08,1,1.0
625,1,241.9,1,1.0
429,11,3881.89,1,1.0
22,3,1129.14,0,0.0
16,13,8745.93,0,0.0
23,1,291.88,0,0.0
26,13,4120.04,0,0.0
25,11,7090.06,0,0.0
258,3,729.8,1,1.0
165,3,781.6899999999999,1,1.0
640,1,219.87,1,1.0
24,6,2212.99,0,0.0
17,6,1766.72,0,0.0
688,2,148.22,1,1.0
6,16,11959.27,0,0.0
624,2,1160.41,1,0.97
28,2,183.44,0,0.0
38,6,4160.0,0,0.0
252,5,1153.85,1,1.0
57,6,3097.64,0,0.0
445,2,931.12,1,1.0
183,5,1013.35,1,1.0
10,2,1071.91,0,0.0
1,72,12793.28,0,0.0
652,1,82.4,1,1.0
98,2,165.0,1,1.0
0,4,2501.84,0,0.0
463,2,592.24,1,1.0
60,8,2657.76,0,0.0
235,3,646.59,1,1.0
190,4,1431.78,1,1.0
178,5,2061.47,1,1.0
37,11,2819.17,0,0.0
468,5,2215.78,1,1.0
200,4,851.37,1,1.0
416,2,627.82,1,0.98
45,11,3830.84,0,0.0
231,2,336.09,1,1.0
65,1,140.34,0,0.0
240,3,790.72,1,1.0
232,11,3019.2200000000003,1,1.0
77,3,1122.41,0,0.0
57,5,846.87,0,0.0
16,23,14205.96,0,0.0
104,4,449.52,1,0.98
653,1,154.25,1,1.0
51,27,4467.66,0,0.0
135,3,1269.84,1,1.0
274,2,618.63,1,1.0
311,1,316.26000000000005,1,1.0
7,10,4863.31,0,0.0
10,2,653.33,0,0.0
282,6,1166.83,1,1.0
729,1,327.38,1,1.0
17,5,1159.11,0,0.0
22,4,1466.3,0,0.0
287,3,2885.11,1,1.0
16,5,780.5,0,0.0
70,6,1859.24,0,0.0
63,1,295.93,0,0.0
72,4,4393.63,0,0.0
315,5,1338.08,1,1.0
2,4,2479.16,0,0.0
243,2,287.05,1,1.0
8,8,1114.72,0,0.0
0,11,4558.29,0,0.0
676,1,282.76,1,1.0
260,4,713.39,1,1.0
126,3,824.59,1,1.0
73,4,815.9000000000001,0,0.0
72,6,1265.82,0,0.0
20,4,1685.26,0,0.0
59,3,2128.42,0,0.01
85,1,627.16,0,0.0
77,2,343.21,0,0.0
58,11,6606.0,0,0.0
0,3,1071.73,0,0.0
29,1,125.8,0,0.0
32,6,4534.57,0,0.0
40,5,680.1800000000001,0,0.0
14,2,628.78,0,0.0
737,2,1182.0,1,0.99
33,12,4541.29,0,0.0
78,2,307.76,0,0.0
633,1,402.98,1,1.0
204,6,1433.07,1,1.0
33,1,210.31,0,0.0
182,3,269.09,1,0.96
1,35,7720.9,0,0.0
402,1,89.5,1,1.0
0,7,3444.39,0,0.0
425,2,717.85,1,1.0
42,12,3103.13,0,0.0
85,7,1569.36,0,0.01
466,3,632.39,1,1.0
426,2,785.25,1,1.0
376,17,3959.49,1,0.98
633,2,1439.61,1,1.0
39,6,790.2,0,0.0
390,2,364.93,1,1.0
11,5,1086.24,0,0.0
407,1,167.08,1,1.0
95,3,901.44,1,0.99
25,8,1005.8,0,0.0
382,1,342.55,1,1.0
318,2,244.2,1,1.0
65,22,6948.92,0,0.0
674,1,499.6,1,1.0
379,7,1629.35,1,0.99
73,13,8891.84,0,0.01
428,2,200.82,1,1.0
27,13,3032.26,0,0.0
5,4,594.52,0,0.0
512,2,990.0,1,1.0
6,1,171.42000000000002,0,0.0
215,11,1803.4,1,1.0
81,8,4838.18,0,0.0
83,2,777.53,0,0.0
143,37,16498.97,1,0.99
18,3,414.8,0,0.0
40,5,1688.6,0,0.01
427,4,1079.29,1,1.0
172,1,187.05,1,1.0
16,4,726.54,0,0.0
242,1,239.49,1,1.0
12,26,4537.26,0,0.0
205,1,1384.25,1,1.0
49,6,904.52,0,0.0
410,1,404.45,1,1.0
22,5,732.0699999999999,0,0.0
9,28,11202.59,0,0.0
24,11,3489.28,0,0.0
408,1,147.66,1,1.0
14,5,1374.34,0,0.0
405,1,107.75,1,1.0
308,2,280.53000000000003,1,1.0
389,2,241.68,1,1.0
155,2,1445.031,1,1.0
306,3,385.7,1,1.0
530,3,684.54,1,1.0
540,1,127.28,1,1.0
63,4,1673.5,0,0.0
15,9,2478.95,0,0.0
14,6,1120.74,0,0.0
10,18,6336.04,0,0.0
64,7,2093.94,0,0.0
35,4,247.96,0,0.01
107,14,5493.29,1,1.0
52,2,533.32,0,0.0
516,3,784.48,1,1.0
5,2,664.11,0,0.0
399,2,396.71,1,1.0
46,5,761.96,0,0.0
0,33,9811.04,0,0.0
311,2,518.42,1,1.0
44,4,1159.99,0,0.01
64,4,1025.17,0,0.0
25,1,164.34,0,0.0
658,1,717.62,1,1.0
386,2,522.67,1,1.0
28,3,276.75,0,0.01
39,2,1075.81,0,0.0
540,1,232.05,1,1.0
592,1,167.35,1,1.0
11,14,2103.71,0,0.0
88,10,3297.9300000000003,0,0.01
632,1,818.29,1,1.0
452,5,1039.85,1,1.0
23,6,2332.74,0,0.0
318,8,6272.53,1,1.0
567,2,283.85,1,1.0
39,8,1278.75,0,0.0
173,1,177.34,1,1.0
544,2,224.94,1,1.0
527,1,112.34,1,1.0
116,1,213.85,1,1.0
695,1,658.95,1,1.0
30,10,2533.06,0,0.0
387,1,462.08,1,1.0
596,1,301.26,1,1.0
252,2,707.04,1,0.99
58,7,2245.9,0,0.0
675,1,310.14,1,1.0
22,19,13370.86,0,0.0
4,7,2031.78,0,0.0
99,11,3070.42,1,1.0
24,8,3645.81,0,0.0
32,16,5033.77,0,0.0
67,4,2999.16,0,0.0
36,5,949.12,0,0.0
51,3,804.3,0,0.0
15,1,122.64,0,0.0
73,2,1346.27,0,0.0
610,1,405.0,1,1.0
640,5,1016.47,1,1.0
215,4,472.2,1,0.99
30,10,2156.77,0,0.0
15,4,2624.26,0,0.0
119,1,252.1,1,1.0
399,2,326.25,1,1.0
9,8,3041.68,0,0.0
399,8,1764.02,1,1.0
256,6,1453.68,1,1.0
16,10,3288.0,0,0.0
34,3,226.85,0,0.0
45,5,2262.05,0,0.0
487,1,152.2,1,1.0
42,11,6308.0,0,0.0
113,6,2280.51,1,1.0
164,4,1078.85,1,1.0
10,2,382.14,0,0.0
9,9,6025.5,0,0.01
205,12,4884.68,1,0.99
399,1,306.64,1,1.0
602,1,325.24,1,1.0
85,11,2233.61,0,0.01
178,5,2047.51,1,0.99
385,3,1711.66,1,1.0
59,5,127.9,0,0.01
148,1,299.05,1,1.0
2,35,12948.48,0,0.0
50,3,413.55,0,0.0
74,1,349.7,0,0.0
394,1,172.6,1,1.0
300,3,419.92,1,1.0
18,2,387.44,0,0.0
432,1,240.68,1,1.0
150,2,486.8200000000001,1,0.99
538,2,243.9,1,1.0
404,2,551.24,1,1.0
151,1,232.6,1,1.0
493,3,281.26,1,1.0
0,12,11419.67,0,0.0
17,4,827.83,0,0.0
186,1,59.5,1,1.0
457,1,258.6,1,1.0
285,4,594.88,1,0.99
2,7,3119.44,0,0.01
182,3,409.04,1,1.0
437,1,11880.84,1,1.0
634,1,375.5,1,1.0
62,2,1259.5,0,0.0
58,1,172.25,0,0.0
395,1,212.78,1,1.0
24,5,3114.4,0,0.0
373,9,2011.82,1,1.0
3,143,195640.69,0,0.0
30,16,2770.73,0,0.0
421,3,2020.4,1,1.0
38,1,151.29999999999998,0,0.0
596,2,451.73,1,1.0
154,2,764.15,1,1.0
25,13,2596.97,0,0.0
446,1,161.0,1,1.0
445,1,135.18,1,1.0
317,2,425.56,1,1.0
4,9,2308.06,0,0.0
7,7,1717.19,0,0.0
302,2,631.17,1,1.0
266,5,3365.86,1,1.0
270,1,285.33,1,1.0
3,18,7571.35,0,0.0
31,3,509.52,0,0.0
218,9,1792.26,1,1.0
246,2,766.42,1,1.0
407,3,740.76,1,1.0
464,1,161.35,1,1.0
280,17,8153.04,1,0.99
268,1,138.28,1,1.0
31,8,1763.3,0,0.0
245,2,306.55,1,1.0
14,11,2783.08,0,0.0
116,4,799.9,1,1.0
35,2,741.54,0,0.0
131,10,5635.41,1,0.99
216,6,1194.08,1,1.0
636,1,213.01,1,1.0
49,8,1980.56,0,0.0
38,2,1079.66,0,0.0
28,8,1074.15,0,0.0
36,16,2855.17,0,0.0
435,3,724.73,1,1.0
135,2,752.6,1,1.0
218,2,610.59,1,1.0
27,1,491.86,0,0.0
410,2,487.03,1,1.0
508,4,6695.6900000000005,1,0.99
24,13,9762.77,0,0.01
4,7,2752.47,0,0.0
199,1,339.59999999999997,1,1.0
395,1,434.78,1,1.0
17,2,292.2,0,0.0
240,5,1582.77,1,1.0
71,3,668.4300000000001,0,0.0
16,12,3107.87,0,0.0
2,7,1341.6,0,0.0
94,2,1080.52,1,0.99
161,2,777.36,1,0.99
413,1,176.69,1,1.0
373,2,169.79999999999998,1,1.0
95,9,2064.35,1,1.0
53,11,3602.18,0,0.0
287,1,296.25,1,1.0
123,7,1579.83,1,0.99
287,4,2094.57,1,1.0
151,3,447.05,1,1.0
3,9,2108.06,0,0.0
1,23,8655.95,0,0.0
674,1,195.55,1,1.0
11,15,8698.13,0,0.0
32,2,659.4100000000001,0,0.0
53,5,1363.64,0,0.0
49,6,1952.17,0,0.0
218,5,2472.48,1,1.0
62,3,5217.44,0,0.0
70,6,2919.62,0,0.0
652,1,352.821,1,1.0
494,1,190.35,1,1.0
1,73,33903.57,0,0.0
726,2,875.97,1,1.0
1,20,5478.12,0,0.0
421,4,785.37,1,1.0
63,9,5728.82,0,0.0
33,8,3100.02,0,0.0
396,2,301.54,1,1.0
81,1,345.0,0,0.0
590,1,1049.66,1,1.0
427,2,623.98,1,1.0
0,61,49638.26,0,0.0
102,4,1124.49,1,1.0
515,1,161.13,1,1.0
6,3,732.07,0,0.0
250,3,778.83,1,0.99
12,13,1786.08,0,0.0
487,4,1542.09,1,1.0
9,14,2910.23,0,0.0
428,4,542.49,1,1.0
366,6,3127.99,1,1.0
75,6,1222.5,0,0.0
504,1,3.75,1,0.99
387,1,239.46,1,1.0
3,1,348.79999999999995,0,0.0
127,2,1516.0,1,1.0
65,3,383.95,0,0.0
646,1,96.0,1,1.0
546,1,126.03,1,1.0
387,4,836.3,1,1.0
498,1,289.7,1,1.0
436,3,1179.45,1,1.0
0,110,75428.87,0,0.0
116,9,2803.57,1,1.0
309,3,1679.56,1,1.0
66,1,324.8,0,0.0
138,19,26259.11,1,0.99
254,3,1338.91,1,1.0
30,9,3161.12,0,0.0
51,2,924.6,0,0.0
63,1,256.38,0,0.0
366,3,422.2,1,1.0
5,5,1747.66,0,0.0
304,3,679.6999999999999,1,1.0
28,3,1499.01,0,0.0
183,3,814.5,1,1.0
41,3,539.0,0,0.0
39,8,2765.4700000000003,0,0.0
91,3,2257.32,1,0.83
21,8,7475.74,0,0.0
23,2,571.67,0,0.0
28,2,382.98,0,0.0
429,1,61.28,1,1.0
301,6,2642.35,1,1.0
417,3,652.75,1,1.0
144,6,1379.08,1,1.0
5,2,632.0,0,0.0
18,7,3403.4500000000003,0,0.0
32,12,3314.76,0,0.01
621,2,255.59,1,1.0
175,1,189.5,1,1.0
57,3,409.8,0,0.0
21,1,209.49,0,0.0
420,1,102.0,1,1.0
581,1,156.85000000000002,1,1.0
15,18,6585.54,0,0.0
18,2,609.89,0,0.0
158,2,700.41,1,1.0
576,2,324.19,1,1.0
24,7,1095.27,0,0.0
398,2,620.37,1,1.0
211,2,266.59000000000003,1,1.0
5,10,1690.07,0,0.0
485,1,139.95000000000002,1,1.0
415,1,651.4,1,1.0
252,1,85.0,1,1.0
58,18,5319.34,0,0.0
380,1,319.75,1,1.0
10,1,361.62,0,0.0
64,1,312.98,0,0.0
24,4,1307.79,0,0.0
719,1,310.72,1,1.0
91,8,3015.0,1,0.94
51,5,3469.3,0,0.0
128,1,1595.48,1,1.0
95,8,4606.46,1,1.0
610,1,187.35,1,1.0
56,1,1090.14,0,0.01
8,39,11944.56,0,0.0
500,4,1310.34,1,1.0
168,11,1142.03,1,1.0
392,6,1001.01,1,1.0
56,1,216.17,0,0.0
325,2,515.86,1,1.0
0,5,1245.9,0,0.0
428,2,273.26,1,1.0
17,9,2556.09,0,0.0
247,4,1239.55,1,1.0
386,1,662.4000000000001,1,1.0
57,4,501.56,0,0.01
73,1,145.67,0,0.0
30,3,1005.09,0,0.0
6,2,3192.54,0,0.01
122,10,7996.87,1,0.98
1,15,5712.08,0,0.0
22,17,7885.85,0,0.0
526,3,919.57,1,1.0
119,8,1038.92,1,1.0
357,7,2049.15,1,0.99
53,14,4814.37,0,0.0
63,1,122.7,0,0.0
85,3,449.68,0,0.01
54,4,2416.9,0,0.0
645,1,395.5,1,1.0
20,17,4293.86,0,0.01
3,43,45179.1,0,0.0
2,5,1191.13,0,0.0
10,15,6560.02,0,0.0
6,10,1825.03,0,0.0
188,2,506.8,1,1.0
70,1,243.56,0,0.0
203,1,349.55,1,1.0
119,7,2001.59,1,0.99
92,6,1991.23,1,0.98
0,14,2927.38,0,0.0
377,3,859.21,1,1.0
26,6,1267.65,0,0.0
297,1,821.1,1,1.0
23,3,564.62,0,0.0
27,6,4008.52,0,0.0
625,1,388.55,1,1.0
49,3,1160.72,0,0.0
325,2,686.4,1,1.0
15,2,388.52,0,0.0
182,6,1610.59,1,0.99
71,15,5676.34,0,0.01
631,5,34095.26,1,0.97
399,1,165.45000000000002,1,1.0
36,2,332.64,0,0.0
732,1,312.65,1,1.0
408,1,42.0,1,1.0
691,1,136.8,1,1.0
79,4,2369.55,0,0.0
422,2,282.85,1,1.0
56,20,4234.99,0,0.0
423,1,124.95,1,1.0
506,1,42.22,1,1.0
11,2,626.45,0,0.0
393,1,70.80000000000001,1,1.0
463,4,1275.81,1,1.0
49,2,272.04,0,0.0
49,2,1212.84,0,0.0
58,4,1360.68,0,0.01
431,4,1774.68,1,1.0
401,4,730.7,1,1.0
351,3,865.2,1,1.0
53,1,351.13,0,0.0
1,6,1838.85,0,0.0
92,4,678.25,1,0.98
22,1,223.85,0,0.0
74,2,708.26,0,0.0
10,4,464.57,0,0.0
168,11,3494.1,1,0.99
57,2,337.34,0,0.0
95,11,5257.38,1,0.99
294,1,307.4,1,1.0
108,2,608.79,1,0.99
263,1,922.1,1,1.0
596,3,6116.92,1,1.0
179,3,939.66,1,1.0
168,2,880.13,1,1.0
34,1,71.66,0,0.01
22,7,1560.96,0,0.0
16,4,839.14,0,0.0
21,15,10027.18,0,0.0
534,1,320.0,1,1.0
577,1,246.54,1,1.0
652,1,200.43,1,1.0
394,2,854.15,1,1.0
78,6,1876.23,0,0.01
64,1,90.6,0,0.0
360,4,548.76,1,1.0
2,6,2427.32,0,0.0
10,4,745.06,0,0.01
175,3,674.45,1,1.0
217,14,12823.521,1,0.98
6,12,6640.68,0,0.0
1,2,439.92,0,0.0
153,3,544.0699999999999,1,1.0
4,5,1019.27,0,0.0
417,3,458.25,1,1.0
379,8,4709.2300000000005,1,0.99
78,6,1064.77,0,0.0
20,2,230.22,0,0.01
391,1,538.4,1,1.0
21,3,362.8,0,0.0
307,17,2860.57,1,0.97
386,2,438.9,1,1.0
476,3,996.61,1,1.0
434,1,384.26,1,1.0
145,2,166.3,1,1.0
422,1,123.66,1,1.0
6,35,12973.46,0,0.0
385,2,846.55,1,1.0
18,14,4667.57,0,0.0
70,2,190.25,0,0.01
286,1,264.7,1,1.0
48,2,677.72,0,0.0
30,12,5256.4,0,0.01
206,4,1192.36,1,1.0
410,1,519.8100000000001,1,1.0
14,2,196.79,0,0.01
72,7,3379.93,0,0.0
59,5,768.8199999999999,0,0.0
415,1,331.14,1,1.0
38,9,3954.29,0,0.0
29,21,6753.89,0,0.0
26,12,1893.8,0,0.0
3,22,10020.86,0,0.0
16,1,320.46,0,0.0
379,2,682.54,1,1.0
19,8,4757.8,0,0.0
65,5,2026.06,0,0.0
212,1,311.3,1,1.0
11,6,852.88,0,0.0
29,3,219.5,0,0.0
42,19,6775.71,0,0.0
3,6,2274.14,0,0.0
14,14,3902.01,0,0.0
385,2,895.76,1,1.0
518,3,376.46,1,1.0
446,3,566.7,1,1.0
9,29,9502.26,0,0.0
210,5,2046.34,1,0.99
45,9,4228.85,0,0.0
133,2,529.73,1,1.0
732,1,209.41,1,1.0
42,11,6258.45,0,0.0
9,5,2874.72,0,0.0
115,7,2196.67,1,0.99
512,1,79.48,1,1.0
431,1,509.04,1,1.0
197,3,1099.91,1,1.0
564,2,445.15,1,1.0
479,2,457.82,1,1.0
277,1,328.8,1,1.0
109,5,1084.57,1,1.0
76,3,1948.21,0,0.0
52,1,917.34,0,0.0
161,11,11403.41,1,0.93
570,1,229.75,1,1.0
644,1,367.15,1,1.0
46,3,1421.61,0,0.0
16,4,1249.01,0,0.0
154,7,1716.58,1,0.98
224,2,792.15,1,1.0
6,2,584.07,0,0.0
121,3,645.74,1,1.0
464,8,4057.9,1,0.99
470,2,713.11,1,1.0
60,1,104.82,0,0.0
549,3,10396.5,1,1.0
62,2,467.66,0,0.01
17,20,7521.8,0,0.0
6,44,39019.51,0,0.0
1,16,4546.41,0,0.0
554,1,109.44,1,1.0
21,3,648.89,0,0.0
28,9,2794.75,0,0.0
284,1,626.65,1,0.99
175,6,836.95,1,1.0
77,5,3069.88,0,0.0
32,2,267.28000000000003,0,0.0
40,35,12523.81,0,0.0
265,1,141.41,1,1.0
724,1,431.98,1,1.0
490,2,302.59999999999997,1,1.0
26,10,3077.7,0,0.0
108,16,10986.63,1,0.96
283,1,154.99,1,1.0
8,14,3968.11,0,0.0
304,3,748.69,1,1.0
16,13,13023.4,0,0.0
31,2,746.36,0,0.0
0,37,21770.98,0,0.01
19,2,466.66,0,0.0
123,4,572.3,1,1.0
64,1,92.46,0,0.0
105,3,1520.96,1,1.0
0,23,8152.71,0,0.0
23,22,8346.66,0,0.0
462,2,469.19,1,1.0
266,1,183.6,1,1.0
4,30,8898.24,0,0.0
506,3,917.43,1,1.0
9,24,25585.65,0,0.0
437,9,22710.2,1,0.92
28,15,3260.24,0,0.0
388,3,891.02,1,1.0
266,1,152.55,1,1.0
63,2,374.7,0,0.01
319,4,1516.72,1,1.0
514,2,225.81,1,1.0
684,1,321.6,1,1.0
3,8,1437.57,0,0.01
666,1,390.85,1,1.0
31,1,151.04,0,0.0
622,1,219.4,1,1.0
4,6,1734.87,0,0.0
128,1,118.67,1,1.0
40,6,615.08,0,0.02
101,9,1553.47,1,1.0
124,2,618.73,1,1.0
32,5,1115.68,0,0.0
301,10,4867.57,1,1.0
364,2,413.36,1,1.0
3,11,1082.19,0,0.01
511,1,150.5,1,1.0
1,33,9720.67,0,0.0
462,1,39.95,1,1.0
2,3,829.47,0,0.0
9,16,64036.8,0,0.01
56,1,158.75,0,0.0
324,1,76.32000000000001,1,1.0
653,2,9530.08,1,1.0
7,24,7229.45,0,0.0
11,1,433.86,0,0.0
439,1,311.77,1,1.0
722,1,2.95,1,0.99
3,17,65164.79,0,0.02
480,2,422.86,1,1.0
36,1,147.35,0,0.0
15,20,5750.91,0,0.0
137,1,191.95,1,1.0
73,13,9961.93,0,0.02
4,5,1105.88,0,0.0
664,1,0.0,1,0.98
154,5,743.53,1,1.0
238,5,5988.83,1,1.0
736,1,214.8,1,1.0
51,11,4877.3,0,0.0
30,4,1044.96,0,0.0
72,1,144.2,0,0.0
3,33,12987.95,0,0.0
13,4,692.85,0,0.0
22,13,5834.59,0,0.0
3,16,7092.610000000001,0,0.0
273,7,1364.09,1,1.0
501,2,622.67,1,1.0
19,5,1382.74,0,0.0
143,1,90.0,1,1.0
428,1,458.45,1,1.0
375,2,183.37,1,1.0
3,4,2780.15,0,0.0
405,3,362.42,1,1.0
732,1,436.18,1,1.0
83,1,419.58,0,0.0
10,3,2720.63,0,0.0
7,4,1172.46,0,0.0
122,6,1900.08,1,1.0
60,3,924.21,0,0.0
1,9,2591.34,0,0.0
318,4,1858.77,1,1.0
648,1,168.22,1,1.0
1,11,3586.0299999999997,0,0.0
129,4,911.14,1,1.0
382,15,11123.35,1,0.96
1,24,8839.67,0,0.0
400,5,1570.81,1,1.0
695,1,332.7,1,1.0
1,2,965.88,0,0.0
45,4,1086.8,0,0.0
3,2,935.05,0,0.0
2,4,915.13,0,0.0
372,2,671.34,1,0.98
133,1,115.8,1,1.0
485,1,30.6,1,1.0
46,7,7600.05,0,0.0
8,12,9450.3,0,0.0
77,9,2590.2,0,0.0
233,2,466.29,1,1.0
220,1,446.62,1,1.0
35,2,658.64,0,0.0
672,2,679.45,1,0.99
74,7,1997.34,0,0.0
482,1,233.4,1,1.0
238,8,6460.7,1,1.0
265,1,118.75,1,1.0
9,156,313437.62,0,0.01
19,5,978.69,0,0.0
39,1,507.66,0,0.0
19,20,7860.8,0,0.0
609,7,8421.47,1,0.99
215,7,2996.93,1,1.0
173,2,289.36,1,1.0
86,5,2594.62,0,0.0
70,2,1631.77,0,0.0
275,1,120.44,1,1.0
504,2,251.15,1,1.0
38,8,1274.29,0,0.0
420,2,370.45,1,1.0
430,2,621.51,1,1.0
374,3,570.18,1,1.0
97,2,498.79,1,1.0
604,3,369.02,1,1.0
10,6,586.0,0,0.01
32,1,134.46,0,0.0
59,8,7678.88,0,0.0
296,5,756.46,1,1.0
85,13,2209.69,0,0.01
8,7,1600.26,0,0.01
40,2,701.57,0,0.0
10,33,6117.5,0,0.0
410,2,308.35,1,1.0
443,4,678.77,1,1.0
410,2,278.34000000000003,1,1.0
66,1,452.89,0,0.0
330,1,197.65,1,1.0
426,5,1550.63,1,1.0
473,1,123.5,1,1.0
30,6,2054.36,0,0.0
1,16,5503.15,0,0.02
665,1,79.9,1,1.0
1,15,4817.66,0,0.0
387,1,293.74,1,1.0
67,3,1210.19,0,0.0
4,36,18670.59,0,0.0
201,6,2615.6,1,1.0
106,1,335.52,1,1.0
410,1,390.05,1,1.0
17,9,1569.73,0,0.0
217,4,1091.7,1,0.99
616,1,379.2,1,1.0
59,10,1193.54,0,0.0
380,3,847.76,1,1.0
396,1,339.34,1,1.0
1,4,1024.83,0,0.0
16,9,2414.2,0,0.0
238,3,1185.01,1,0.99
687,1,157.8,1,1.0
94,2,567.05,1,0.99
10,15,4993.27,0,0.0
105,16,5556.570000000001,1,0.99
52,18,4402.29,0,0.0
89,2,2190.14,0,0.01
404,1,1192.2,1,1.0
30,5,1004.38,0,0.0
11,9,3250.33,0,0.0
2,5,2150.04,0,0.0
1,23,3298.59,0,0.0
42,1,169.48000000000002,0,0.0
3,3,633.83,0,0.0
246,4,1515.0,1,1.0
41,17,6517.49,0,0.0
176,1,683.17,1,1.0
91,3,991.13,1,0.96
109,9,1841.71,1,1.0
434,4,2031.07,1,1.0
28,6,2985.13,0,0.0
25,15,6368.71,0,0.0
437,3,745.5,1,1.0
51,7,2594.04,0,0.0
435,3,979.8,1,1.0
183,4,1235.62,1,1.0
42,5,2048.07,0,0.0
48,7,2904.27,0,0.0
21,4,754.12,0,0.0
74,9,4717.99,0,0.0
80,5,1555.34,0,0.0
372,2,471.14,1,1.0
325,3,434.23,1,1.0
42,21,4263.17,0,0.0
29,3,1247.49,0,0.0
183,2,333.7,1,1.0
234,2,280.55,1,1.0
8,17,7217.75,0,0.0
660,1,366.42,1,1.0
219,2,1693.45,1,1.0
110,3,1474.06,1,1.0
277,5,753.56,1,1.0
317,3,1032.95,1,0.99
410,12,5400.461,1,1.0
6,3,1904.05,0,0.0
1,5,2879.7000000000003,0,0.0
380,1,350.99,1,1.0
492,2,363.4,1,1.0
432,1,601.03,1,1.0
545,1,1000.63,1,1.0
259,5,2460.79,1,0.99
63,9,5954.45,0,0.0
8,25,32051.34,0,0.0
141,1,120.0,1,1.0
470,3,824.28,1,1.0
50,2,1163.45,0,0.0
7,8,2618.23,0,0.0
422,1,322.93,1,1.0
154,6,1517.36,1,1.0
108,4,1373.35,1,1.0
427,1,40.56,1,1.0
162,3,1516.24,1,1.0
470,1,354.85,1,1.0
438,1,295.73,1,1.0
331,1,492.65,1,1.0
225,2,214.18,1,0.99
73,4,920.81,0,0.0
50,4,559.97,0,0.0
685,1,256.6,1,1.0
395,6,1189.38,1,1.0
98,7,2102.68,1,1.0
14,9,17197.61,0,0.0
409,1,205.83,1,1.0
520,2,191.86,1,1.0
196,1,134.04,1,1.0
407,1,245.15,1,1.0
2,25,7250.76,0,0.0
462,4,628.4399999999999,1,1.0
30,3,1299.65,0,0.0
20,8,3284.42,0,0.0
23,7,8479.76,0,0.0
7,3,176.63,0,0.01
212,1,426.6,1,1.0
8,6,911.26,0,0.0
10,8,4516.56,0,0.0
1,23,7904.099999999999,0,0.0
7,16,9226.25,0,0.0
2,9,2903.01,0,0.0
406,1,375.34,1,1.0
39,5,2362.91,0,0.0
420,2,456.4,1,1.0
17,4,1305.33,0,0.0
7,82,91194.49,0,0.0
7,27,14070.25,0,0.0
18,1,43.2,0,0.0
116,4,1992.18,1,1.0
430,3,742.9000000000001,1,1.0
406,2,277.94,1,1.0
222,3,1725.01,1,1.0
70,3,1858.96,0,0.0
50,6,3151.4,0,0.0
88,10,4287.92,0,0.01
548,2,1147.02,1,1.0
7,11,3780.81,0,0.0
432,1,492.1,1,1.0
242,2,516.45,1,1.0
46,11,3090.29,0,0.0
106,2,229.8,1,0.99
44,8,3197.82,0,0.0
421,5,1370.34,1,1.0
64,1,508.58,0,0.0
459,1,158.02,1,1.0
423,1,494.85,1,1.0
206,5,1346.75,1,1.0
10,7,2218.06,0,0.0
428,4,474.1,1,1.0
114,2,605.0600000000001,1,0.99
409,2,701.61,1,1.0
569,1,245.48,1,1.0
241,3,940.98,1,1.0
162,6,1894.93,1,1.0
437,1,445.05,1,1.0
16,15,9887.62,0,0.01
623,1,200.63,1,1.0
123,2,462.66,1,0.99
22,5,1917.41,0,0.0
67,1,415.2,0,0.0
16,12,4318.48,0,0.0
15,2,454.86,0,0.0
16,4,1614.91,0,0.0
160,3,928.1,1,1.0
242,2,620.27,1,1.0
218,1,134.7,1,1.0
44,18,4452.02,0,0.0
20,6,918.44,0,0.0
420,4,1079.66,1,1.0
126,20,2993.05,1,0.97
38,1,108.98,0,0.0
120,5,2315.75,1,0.99
736,1,82.60000000000001,1,1.0
259,1,409.57,1,1.0
9,1,133.5,0,0.0
273,3,972.03,1,1.0
164,1,51.0,1,1.0
156,4,1078.96,1,1.0
214,3,376.5,1,1.0
5,2,163.62,0,0.01
365,3,840.05,1,1.0
79,2,701.23,0,0.0
42,1,225.12,0,0.0
388,2,400.06,1,1.0
18,3,912.18,0,0.0
31,4,2118.03,0,0.02
578,1,214.71,1,1.0
21,1,151.5,0,0.0
401,2,227.47000000000003,1,1.0
108,8,3717.35,1,1.0
394,2,634.68,1,1.0
524,1,136.0,1,1.0
7,16,9227.82,0,0.0
319,1,155.0,1,1.0
641,2,469.13,1,1.0
450,6,1175.78,1,1.0
294,1,100.5,1,1.0
442,2,860.08,1,1.0
357,1,76.55,1,1.0
540,1,108.0,1,1.0
184,3,1106.82,1,1.0
682,1,215.46,1,0.99
190,2,617.05,1,1.0
621,1,131.25,1,1.0
43,4,1265.16,0,0.0
681,1,48.96,1,1.0
51,2,625.94,0,0.0
25,2,1193.63,0,0.0
37,3,1247.69,0,0.0
500,1,58.5,1,1.0
8,3,202.11,0,0.01
296,1,142.4,1,1.0
32,3,1727.6,0,0.0
9,16,6388.2,0,0.0
64,5,1898.01,0,0.0
9,13,6150.03,0,0.0
576,1,135.6,1,1.0
431,1,266.4,1,1.0
217,1,67.95,1,1.0
564,1,93.8,1,1.0
1,20,7801.93,0,0.0
64,7,1969.38,0,0.0
2,19,2612.96,0,0.0
400,2,707.79,1,0.99
393,8,2108.21,1,1.0
148,3,1732.47,1,1.0
3,22,6795.9,0,0.0
651,1,285.6,1,1.0
129,6,1880.51,1,1.0
33,13,2724.13,0,0.0
386,1,195.0,1,1.0
118,1,156.75,1,1.0
106,6,2157.73,1,1.0
10,11,4102.27,0,0.0
70,9,3427.29,0,0.0
91,11,2631.9,1,0.97
310,1,1063.0,1,1.0
42,3,1426.19,0,0.0
361,4,764.52,1,1.0
91,8,2399.33,1,0.98
0,23,11980.09,0,0.0
21,2,490.22,0,0.0
387,1,524.65,1,1.0
3,3,1937.25,0,0.0
10,7,1254.64,0,0.0
98,4,1639.17,1,1.0
56,6,2469.37,0,0.0
0,19,10271.52,0,0.0
217,3,916.61,1,1.0
17,1,322.08,0,0.0
434,3,661.39,1,1.0
23,17,11727.94,0,0.0
49,4,1263.52,0,0.0
6,5,1224.06,0,0.0
403,1,516.28,1,1.0
511,3,1220.9,1,1.0
302,4,2614.2,1,0.99
9,6,2248.5,0,0.0
465,1,280.7,1,1.0
21,6,1372.8,0,0.0
501,1,90.42,1,1.0
98,2,271.7,1,0.99
365,5,873.34,1,0.99
305,1,131.9,1,1.0
319,5,9443.04,1,0.99
7,13,5982.03,0,0.0
0,11,4611.6900000000005,0,0.0
204,7,5367.02,1,1.0
53,5,2082.97,0,0.0
455,1,120.44,1,1.0
455,1,221.65,1,1.0
0,5,1200.28,0,0.0
18,6,1711.73,0,0.0
8,2,375.35,0,0.0
18,8,2230.96,0,0.0
180,7,1128.44,1,1.0
59,12,3258.68,0,0.0
10,4,658.95,0,0.0
189,1,119.93,1,1.0
375,5,977.3,1,1.0
431,4,617.72,1,1.0
4,9,3017.28,0,0.0
310,1,113.64,1,1.0
380,1,228.07,1,1.0
154,2,5375.741,1,1.0
109,9,1093.5,1,1.0
147,13,6676.91,1,0.96
65,12,2242.81,0,0.0
97,4,786.5699999999999,1,1.0
567,2,111.0,1,1.0
246,11,3925.85,1,1.0
28,13,4267.15,0,0.0
17,12,2203.24,0,0.0
733,1,204.24,1,1.0
415,4,2093.46,1,1.0
11,3,712.04,0,0.0
590,2,400.95,1,1.0
103,9,2118.72,1,1.0
73,2,234.34,0,0.0
45,2,1258.89,0,0.0
71,4,1151.15,0,0.0
256,1,193.0,1,1.0
19,7,1969.6,0,0.0
381,4,1276.66,1,1.0
253,4,1124.71,1,1.0
10,4,1299.52,0,0.0
164,5,2284.69,1,1.0
17,12,4306.72,0,0.0
281,2,257.1,1,1.0
49,4,1070.98,0,0.0
38,1,162.8,0,0.0
511,2,175.5,1,0.99
26,7,1266.27,0,0.0
67,1,1064.28,0,0.0
206,4,1574.93,1,1.0
405,2,1273.47,1,1.0
174,2,340.93,1,1.0
429,7,1921.91,1,1.0
6,10,5087.86,0,0.0
25,3,401.46,0,0.0
50,3,174.8,0,0.01
311,7,2363.89,1,0.99
308,2,697.0600000000001,1,1.0
42,10,3900.83,0,0.0
25,7,2101.79,0,0.0
87,3,356.85,0,0.05
183,2,251.21,1,1.0
19,11,2429.83,0,0.0
2,6,3543.26,0,0.0
46,4,673.26,0,0.0
16,19,11879.08,0,0.0
16,7,2960.25,0,0.0
23,11,3216.74,0,0.0
21,5,822.92,0,0.0
533,1,110.95,1,1.0
375,3,979.85,1,1.0
10,5,1314.81,0,0.0
187,7,1215.97,1,1.0
100,6,788.01,1,0.98
60,9,4380.04,0,0.0
17,12,3724.06,0,0.0
515,1,151.17,1,1.0
32,2,330.45,0,0.0
63,1,174.37,0,0.0
683,2,203.14,1,1.0
1,2,270.6,0,0.0
490,1,199.45,1,1.0
23,8,1748.42,0,0.0
107,1,241.09,1,1.0
31,13,2909.86,0,0.0
19,17,8026.54,0,0.0
388,1,258.65,1,1.0
2,122,27246.88,0,0.0
36,1,364.22,0,0.0
59,3,578.61,0,0.0
25,16,6088.87,0,0.0
479,1,376.34,1,1.0
235,11,3845.78,1,1.0
24,11,3466.37,0,0.0
2,26,6187.66,0,0.0
59,9,5973.2300000000005,0,0.01
259,1,170.95,1,1.0
57,2,641.4,0,0.0
64,5,1370.84,0,0.0
15,2,537.48,0,0.0
9,11,3709.64,0,0.0
58,14,2491.38,0,0.0
185,1,103.25,1,1.0
28,39,14587.87,0,0.0
23,3,2938.53,0,0.0
673,1,349.25,1,1.0
4,11,5184.84,0,0.0
3,8,3974.75,0,0.0
150,9,2541.29,1,0.99
310,4,913.6,1,1.0
10,4,1345.06,0,0.0
17,7,878.09,0,0.0
151,3,507.93,1,1.0
18,9,1818.6,0,0.0
9,4,2279.49,0,0.0
56,6,2304.03,0,0.0
595,3,815.69,1,1.0
84,1,788.38,0,0.0
653,3,655.5,1,1.0
389,1,75.6,1,1.0
6,44,6114.03,0,0.01
75,3,1080.76,0,0.0
3,26,6638.150000000001,0,0.0
509,2,640.54,1,1.0
434,2,2605.62,1,0.99
95,5,3859.22,1,1.0
110,4,4092.0,1,0.99
56,2,1530.36,0,0.0
434,1,919.7,1,1.0
0,4,597.33,0,0.0
280,3,613.75,1,1.0
424,1,160.0,1,1.0
2,11,5526.88,0,0.0
179,13,2163.12,1,1.0
732,1,143.70000000000002,1,1.0
487,1,420.22,1,1.0
371,1,35.400000000000006,1,1.0
12,7,1364.15,0,0.0
2,1,168.63,0,0.0
431,1,105.56,1,1.0
517,1,14.85,1,1.0
16,2,409.65,0,0.0
40,1,114.11,0,0.0
5,8,1660.29,0,0.02
168,8,1738.16,1,1.0
49,5,1143.27,0,0.0
276,1,237.36,1,1.0
18,9,1580.29,0,0.0
577,1,135.39,1,1.0
371,1,39.75,1,1.0
424,20,2993.37,1,0.97
14,4,1320.21,0,0.0
34,3,557.94,0,0.0
21,12,3665.53,0,0.0
6,2,363.33,0,0.0
19,8,2164.45,0,0.01
626,1,222.22,1,1.0
10,6,2184.63,0,0.01
43,2,384.04,0,0.0
389,2,457.89,1,1.0
305,2,865.17,1,1.0
10,1,213.96,0,0.0
655,1,205.36,1,1.0
274,1,660.0,1,1.0
632,1,143.86,1,1.0
373,4,921.56,1,1.0
0,192,29951.37,0,0.01
15,22,23763.13,0,0.0
3,11,3352.94,0,0.0
71,10,1486.2,0,0.0
395,2,24.35,1,0.99
443,2,604.3299999999999,1,1.0
414,1,877.7,1,1.0
679,1,76.32000000000001,1,1.0
385,1,295.13,1,1.0
393,5,951.76,1,1.0
242,5,527.78,1,1.0
402,2,190.47,1,1.0
8,7,1342.32,0,0.0
245,2,1291.24,1,1.0
205,2,412.78,1,1.0
0,9,3000.57,0,0.0
184,1,320.58000000000004,1,1.0
31,10,2016.98,0,0.0
56,6,814.0699999999999,0,0.0
195,11,4497.88,1,1.0
23,11,5410.92,0,0.0
378,1,462.75,1,1.0
90,5,1998.0,0,0.01
3,2,955.26,0,0.0
483,1,338.65,1,1.0
50,6,2025.69,0,0.0
262,1,114.56,1,1.0
265,1,344.90000000000003,1,1.0
437,4,2124.46,1,0.99
453,1,215.22,1,0.99
35,2,609.85,0,0.0
676,1,106.68,1,1.0
50,1,443.6,0,0.0
51,9,4978.96,0,0.0
23,10,3649.36,0,0.0
21,1,110.46,0,0.0
58,1,96.12,0,0.0
169,5,1679.89,1,1.0
67,7,2247.72,0,0.0
156,3,876.89,1,1.0
1,152,528602.52,0,0.01
200,2,506.04,1,1.0
415,15,4466.65,1,0.99
4,9,3651.19,0,0.0
588,1,62.5,1,1.0
66,9,2025.52,0,0.0
76,1,114.18,0,0.0
0,12,3593.06,0,0.0
737,1,246.86,1,1.0
7,7,3878.51,0,0.0
168,5,790.0,1,1.0
17,6,1450.19,0,0.0
4,2,247.15,0,0.0
8,9,2529.93,0,0.0
86,2,285.74,0,0.01
26,1,107.95,0,0.0
28,7,1376.43,0,0.0
429,2,490.6,1,1.0
19,2,636.24,0,0.0
60,7,2749.65,0,0.0
23,1,195.25,0,0.01
10,54,20395.34,0,0.0
444,1,111.63,1,1.0
241,7,3216.78,1,1.0
279,3,583.33,1,1.0
548,2,1127.45,1,1.0
234,4,1113.14,1,1.0
2,7,3037.32,0,0.0
508,1,173.66,1,1.0
15,2,1015.58,0,0.0
30,12,8356.79,0,0.0
592,1,184.91,1,1.0
578,1,403.39,1,1.0
381,3,1289.44,1,1.0
24,58,55688.5,0,0.0
70,6,875.1500000000001,0,0.0
187,6,1514.81,1,1.0
587,1,146.56,1,1.0
25,6,1430.03,0,0.0
575,8,4536.64,1,0.99
413,5,852.53,1,1.0
106,3,1402.06,1,1.0
7,28,7190.42,0,0.0
208,1,112.8,1,1.0
43,4,777.6800000000001,0,0.0
30,5,2114.33,0,0.0
136,12,1715.14,1,1.0
264,7,1165.36,1,1.0
616,1,244.31,1,1.0
518,3,1534.22,1,1.0
3,8,2473.28,0,0.0
217,2,188.61,1,1.0
1,5,1217.27,0,0.0
213,4,702.6,1,1.0
31,5,3076.06,0,0.0
10,15,4487.11,0,0.0
0,29,6368.78,0,0.0
14,1,318.17,0,0.0
10,11,1752.92,0,0.0
198,1,179.0,1,1.0
618,1,367.54,1,1.0
435,2,139.2,1,1.0
2,5,1793.22,0,0.0
14,25,8886.33,0,0.0
13,13,1899.79,0,0.0
9,11,2839.62,0,0.0
28,4,1328.0700000000002,0,0.0
8,21,5115.76,0,0.0
23,4,906.24,0,0.0
24,8,1825.45,0,0.0
42,3,543.28,0,0.0
732,1,81.3,1,1.0
409,1,226.42,1,1.0
1,5,1581.84,0,0.01
5,3,663.81,0,0.0
378,1,109.07,1,1.0
146,3,489.52,1,1.0
9,11,1803.06,0,0.0
589,1,341.9,1,1.0
24,4,1252.74,0,0.0
654,1,116.5,1,1.0
273,3,463.73,1,1.0
412,1,190.58,1,1.0
373,3,586.24,1,1.0
0,8,1897.57,0,0.0
46,3,380.02,0,0.0
7,19,5517.07,0,0.01
15,15,14335.15,0,0.0
425,4,1056.42,1,0.99
3,56,12240.16,0,0.0
484,2,374.05,1,0.99
3,4,3554.17,0,0.0
42,9,1821.9,0,0.0
3,25,11573.62,0,0.0
196,11,4161.06,1,1.0
11,7,1713.09,0,0.0
434,1,579.85,1,1.0
592,1,50.48,1,1.0
15,14,3660.08,0,0.0
112,12,2551.41,1,0.99
405,4,593.5,1,1.0
248,1,328.2,1,1.0
28,10,2681.9,0,0.0
479,1,310.15,1,1.0
735,1,112.03,1,1.0
683,2,126.45,1,1.0
43,1,389.64,0,0.0
86,2,869.51,0,0.0
44,6,1547.93,0,0.0
9,25,9972.55,0,0.0
14,3,2653.76,0,0.0
74,1,420.5,0,0.0
144,7,2864.97,1,1.0
4,3,1625.97,0,0.0
296,1,89.2,1,1.0
58,3,447.92,0,0.0
263,2,417.57,1,1.0
46,1,278.3,0,0.0
28,3,254.11,0,0.0
7,11,6375.73,0,0.0
473,1,382.81,1,1.0
16,2,192.6,0,0.01
2,17,15514.11,0,0.0
231,8,3637.64,1,1.0
620,2,594.62,1,1.0
111,1,139.26,1,1.0
592,1,140.55,1,1.0
528,1,241.45,1,1.0
57,3,1011.9,0,0.0
50,15,3708.3,0,0.0
403,1,307.56,1,1.0
126,2,730.86,1,1.0
280,3,386.15,1,1.0
54,2,447.68,0,0.0
319,1,200.1,1,1.0
658,1,307.3,1,1.0
25,3,449.93,0,0.0
9,2,77.4,0,0.01
549,1,90.96,1,1.0
470,1,110.65,1,1.0
6,3,1156.32,0,0.0
28,1,197.64,0,0.01
16,10,2526.62,0,0.0
606,1,303.63,1,1.0
63,1,6.2,0,0.01
20,2,625.9,0,0.0
2,10,1953.9,0,0.0
165,1,131.45000000000002,1,1.0
0,27,10169.33,0,0.0
506,1,300.31,1,1.0
52,8,724.31,0,0.0
50,2,338.15,0,0.0
47,17,7191.33,0,0.0
60,1,189.34,0,0.01
437,2,1502.98,1,1.0
161,3,845.5500000000001,1,1.0
8,1,353.27,0,0.0
14,7,1082.55,0,0.0
74,2,303.43,0,0.0
390,2,504.14,1,1.0
39,8,2718.6,0,0.0
620,2,686.76,1,1.0
40,13,2354.03,0,0.02
386,1,170.5,1,1.0
598,1,178.85,1,1.0
369,4,888.91,1,1.0
580,1,154.21,1,1.0
36,2,778.5,0,0.0
196,1,271.85,1,1.0
199,7,3959.86,1,0.99
73,6,1153.56,0,0.0
63,4,456.41,0,0.0
20,9,1274.76,0,0.0
366,7,1230.15,1,1.0
484,1,157.7,1,1.0
179,3,321.43,1,1.0
9,10,4022.91,0,0.0
3,24,4735.08,0,0.0
581,2,385.2,1,1.0
664,1,0.0,1,0.98
196,13,9839.46,1,0.97
28,7,1455.87,0,0.0
52,1,188.88,0,0.0
679,3,1676.57,1,1.0
629,1,322.69,1,1.0
498,1,94.8,1,1.0
17,7,2206.16,0,0.0
528,2,297.0,1,1.0
9,3,102.45,0,0.01
89,9,3460.32,0,0.0
422,2,769.9200000000001,1,1.0
417,3,915.28,1,1.0
267,2,362.71,1,1.0
52,14,7163.0,0,0.0
43,4,2824.69,0,0.01
436,1,211.8,1,1.0
63,10,6702.43,0,0.0
599,1,150.0,1,1.0
426,1,437.4,1,1.0
148,3,1348.95,1,1.0
404,1,310.56,1,1.0
21,43,15407.61,0,0.0
311,7,1770.96,1,1.0
22,3,829.41,0,0.0
57,18,6132.43,0,0.0
23,5,1376.87,0,0.0
77,11,4303.06,0,0.0
118,7,6520.3,1,1.0
35,3,1290.53,0,0.0
59,7,3651.851,0,0.0
505,1,180.75,1,1.0
12,5,1705.64,0,0.0
18,1,170.32,0,0.0
51,10,1380.73,0,0.01
25,2,841.2,0,0.0
28,1,266.76,0,0.0
6,4,92.52,0,0.0
10,19,20746.54,0,0.01
185,16,2952.06,1,0.98
2,12,4184.01,0,0.0
8,6,2778.14,0,0.0
261,6,1838.95,1,1.0
2,9,1228.17,0,0.0
483,3,816.6,1,1.0
209,2,854.13,1,1.0
534,1,116.18,1,1.0
107,3,2862.4,1,0.99
520,2,256.7,1,1.0
417,2,425.85,1,1.0
12,25,4076.5,0,0.0
684,1,185.06,1,1.0
76,3,690.59,0,0.0
19,1,255.4,0,0.0
26,14,3546.65,0,0.0
18,6,761.59,0,0.0
668,1,120.6,1,1.0
131,3,1598.12,1,1.0
252,1,364.8,1,1.0
78,1,1862.0,0,0.0
206,1,369.2,1,1.0
335,1,135.9,1,1.0
253,3,817.25,1,1.0
147,4,1106.73,1,1.0
690,1,202.35,1,1.0
9,3,1809.61,0,0.0
84,3,1492.81,0,0.0
7,38,25119.54,0,0.0
204,8,1826.0,1,0.99
7,8,3140.54,0,0.01
22,14,3365.95,0,0.01
394,1,1331.38,1,1.0
521,1,13.919999999999998,1,1.0
10,12,1919.0,0,0.0
25,3,1035.62,0,0.0
20,5,2795.33,0,0.0
1,4,1630.49,0,0.0
157,8,1971.39,1,1.0
444,1,68.44,1,1.0
2,16,5547.72,0,0.01
73,2,381.9,0,0.0
436,3,1404.68,1,1.0
2,4,434.35,0,0.01
0,398,291420.81,0,0.0
16,6,1889.25,0,0.0
35,8,4073.13,0,0.0
90,11,1811.25,0,0.04
70,8,3042.95,0,0.0
596,2,1123.75,1,1.0
115,9,5955.81,1,0.97
538,1,359.35,1,1.0
212,3,1607.17,1,1.0
29,2,1316.07,0,0.01
393,2,843.74,1,1.0
50,1,749.1,0,0.0
245,3,931.01,1,1.0
381,2,359.4,1,1.0
396,1,308.2,1,1.0
627,1,223.91000000000005,1,1.0
31,2,836.69,0,0.0
108,6,5236.73,1,1.0
4,5,1257.68,0,0.0
365,2,666.13,1,1.0
443,4,1770.0,1,1.0
81,5,3503.5,0,0.0
296,2,2849.83,1,1.0
33,12,12410.81,0,0.0
56,3,1621.88,0,0.0
561,2,2322.43,1,1.0
417,2,531.49,1,1.0
578,1,182.1,1,1.0
401,4,746.56,1,1.0
662,1,107.62,1,1.0
29,19,9784.67,0,0.0
413,1,179.4,1,1.0
13,1,100.9,0,0.0
71,6,1049.79,0,0.0
22,6,1101.97,0,0.0
468,4,515.0,1,1.0
18,1,371.2,0,0.0
78,1,311.69,0,0.0
59,32,17629.35,0,0.0
24,4,971.32,0,0.0
11,2,462.12,0,0.0
732,1,163.77,1,0.99
420,1,1325.0,1,1.0
252,2,261.69,1,1.0
146,6,941.99,1,1.0
63,4,695.42,0,0.0
7,2,221.27,0,0.01
10,22,16410.15,0,0.0
270,4,366.91,1,1.0
9,12,3123.57,0,0.0
246,1,206.21,1,1.0
95,2,596.09,1,0.99
14,6,1064.26,0,0.0
49,6,1982.61,0,0.0
29,2,501.24,0,0.0
703,1,906.23,1,1.0
67,12,4919.35,0,0.0
34,3,1097.98,0,0.0
127,2,145.07,1,1.0
106,3,1314.45,1,1.0
36,1,89.94,0,0.01
56,2,472.39,0,0.0
56,7,790.86,0,0.0
725,1,31.929999999999996,1,1.0
71,10,3112.19,0,0.0
734,1,429.66,1,1.0
736,1,150.68,1,1.0
245,2,372.92,1,1.0
571,1,237.78,1,1.0
688,1,183.2,1,1.0
18,6,1260.51,0,0.0
197,2,292.01,1,1.0
375,2,563.1,1,0.99
15,8,1550.65,0,0.0
211,7,2038.65,1,0.98
661,1,342.4,1,1.0
611,2,304.17,1,1.0
429,1,314.67,1,1.0
441,1,210.5,1,1.0
563,1,36.13,1,1.0
381,5,946.72,1,1.0
38,2,231.98,0,0.0
480,2,442.29,1,1.0
45,4,776.5999999999999,0,0.0
169,4,753.18,1,1.0
592,1,129.48000000000002,1,1.0
47,1,490.52,0,0.0
393,2,199.11,1,1.0
115,9,4138.08,1,1.0
472,6,1027.03,1,1.0
146,1,1220.77,1,1.0
15,56,13754.58,0,0.0
50,2,757.78,0,0.0
158,1,156.91,1,1.0
479,2,360.0,1,1.0
11,3,1259.43,0,0.0
35,1,308.94,0,0.0
395,2,416.6,1,1.0
53,3,646.26,0,0.0
487,10,1610.82,1,0.99
42,2,257.67,0,0.0
500,13,2354.97,1,0.96
172,5,620.89,1,1.0
33,1,125.58,0,0.0
38,3,496.21,0,0.0
266,1,252.81,1,1.0
378,1,198.47,1,1.0
8,12,2500.59,0,0.0
11,5,1133.44,0,0.0
2,20,11578.65,0,0.0
9,16,3559.39,0,0.0
32,2,979.79,0,0.0
79,5,1048.89,0,0.0
30,10,3195.6,0,0.0
7,6,962.94,0,0.0
619,1,365.1,1,1.0
71,8,1979.91,0,0.01
3,14,3102.94,0,0.0
255,8,11010.05,1,0.99
4,10,2557.18,0,0.0
15,14,8231.2,0,0.0
89,1,252.73,0,0.01
71,3,429.56,0,0.0
375,2,397.76,1,0.98
58,9,1146.53,0,0.0
9,93,39141.48,0,0.0
541,1,7.49,1,1.0
169,2,289.4,1,1.0
198,2,315.45,1,1.0
30,6,2870.3199999999997,0,0.0
18,35,16024.15,0,0.0
151,2,735.66,1,1.0
8,25,7623.79,0,0.0
269,1,343.62,1,1.0
64,4,381.0,0,0.0
273,1,121.17000000000002,1,1.0
24,5,4087.19,0,0.0
22,9,3926.91,0,0.0
318,1,207.73,1,1.0
4,3,693.95,0,0.0
11,2,302.1,0,0.0
474,3,549.12,1,1.0
519,1,113.65,1,1.0
274,5,3255.96,1,1.0
24,16,3387.58,0,0.01
40,19,3491.2,0,0.0
7,4,294.25,0,0.01
3,127,126389.02,0,0.0
70,8,2585.62,0,0.0
212,1,370.7999999999999,1,1.0
409,4,1254.41,1,1.0
37,5,3326.86,0,0.0
52,1,893.59,0,0.0
77,5,3862.88,0,0.0
45,4,1174.9,0,0.0
178,1,1109.53,1,1.0
372,3,737.05,1,1.0
93,4,1455.56,1,0.99
478,1,187.52,1,1.0
9,8,2788.02,0,0.0
104,3,1553.13,1,1.0
77,1,773.03,0,0.0
172,3,1447.74,1,1.0
494,2,2428.08,1,0.99
6,53,17286.73,0,0.0
212,11,3625.4,1,1.0
427,2,546.25,1,1.0
21,12,1854.57,0,0.0
668,1,93.35,1,1.0
256,1,88.2,1,0.99
379,2,965.2,1,1.0
729,1,347.54,1,1.0
564,2,218.53,1,1.0
281,1,306.94,1,1.0
20,2,1160.07,0,0.0
9,6,2420.84,0,0.0
307,1,381.32,1,1.0
67,3,1046.61,0,0.0
214,3,776.46,1,1.0
17,23,13702.38,0,0.0
462,2,83.0,1,0.97
103,10,3141.64,1,0.99
42,1,219.39,0,0.0
3,3,908.35,0,0.0
181,3,39916.5,1,0.98
83,1,410.48,0,0.0
333,7,2193.8999999999996,1,0.99
8,6,1477.94,0,0.0
530,2,554.67,1,1.0
30,2,703.36,0,0.0
196,2,993.54,1,1.0
17,9,3094.91,0,0.0
17,5,1422.52,0,0.0
310,9,824.35,1,1.0
141,4,1300.25,1,1.0
245,3,983.1,1,1.0
23,6,1505.85,0,0.0
28,5,2442.37,0,0.0
610,1,209.4,1,1.0
9,3,3509.43,0,0.0
29,12,3400.12,0,0.01
17,2,531.85,0,0.0
17,4,1352.75,0,0.0
14,8,2485.97,0,0.0
133,1,244.8,1,1.0
245,1,266.4,1,1.0
133,1,358.82,1,1.0
49,2,457.72,0,0.0
113,11,4487.27,1,1.0
6,5,4656.17,0,0.0
22,4,450.82,0,0.01
24,24,17024.87,0,0.0
536,2,449.49,1,1.0
65,2,711.5,0,0.0
59,5,1783.68,0,0.0
49,23,6860.18,0,0.0
169,1,330.11,1,1.0
394,1,80.28,1,1.0
17,5,977.93,0,0.0
127,5,1806.9,1,0.99
14,10,1596.29,0,0.0
238,2,305.68,1,1.0
2,4,1286.7,0,0.0
520,2,823.4,1,1.0
393,1,502.52,1,1.0
239,2,178.96,1,1.0
51,8,3243.69,0,0.0
457,7,1388.47,1,1.0
45,6,2619.92,0,0.0
225,2,563.63,1,0.99
7,29,12160.31,0,0.0
3,4,1194.73,0,0.0
164,2,1327.16,1,1.0
239,1,623.5,1,1.0
10,1,301.29,0,0.0
133,5,1554.61,1,1.0
16,13,8977.94,0,0.0
422,2,2085.61,1,1.0
9,14,5263.83,0,0.02
30,1,329.25,0,0.0
74,3,1343.72,0,0.01
382,1,383.97,1,1.0
0,3,961.49,0,0.0
3,5,2654.11,0,0.0
44,2,606.02,0,0.0
1,34,22116.73,0,0.0
356,4,589.27,1,1.0
387,1,119.92,1,1.0
730,1,312.9,1,1.0
17,2,304.47,0,0.0
68,9,2028.11,0,0.0
372,1,487.75,1,1.0
467,1,167.16,1,1.0
320,5,1627.62,1,0.99
25,1,106.56,0,0.0
381,2,569.22,1,1.0
406,1,81.15,1,1.0
330,1,1289.5,1,1.0
8,5,1624.05,0,0.0
380,7,1494.6,1,0.99
322,2,481.46,1,1.0
71,1,224.14,0,0.0
667,1,988.04,1,1.0
425,1,948.93,1,1.0
259,1,40.5,1,1.0
17,13,7491.92,0,0.0
366,3,816.9300000000001,1,1.0
65,5,1200.2,0,0.0
153,11,2998.952,1,1.0
547,3,639.93,1,1.0
28,4,685.39,0,0.0
69,1,310.62,0,0.0
13,5,1403.2,0,0.0
1,16,4777.18,0,0.0
724,1,310.43,1,1.0
0,46,17524.38,0,0.01
433,1,834.4399999999999,1,1.0
462,3,588.05,1,1.0
119,5,1666.39,1,0.99
60,1,499.32,0,0.0
2,28,12021.53,0,0.0
2,1,3861.0,0,0.0
432,2,313.7,1,1.0
10,6,1877.51,0,0.0
91,5,571.35,1,0.96
58,10,3122.4,0,0.0
494,1,549.05,1,1.0
86,7,1842.95,0,0.0
419,3,6001.49,1,1.0
25,15,4400.18,0,0.0
356,1,316.58,1,1.0
84,2,653.24,0,0.0
9,4,420.3,0,0.0
415,3,683.92,1,1.0
0,6,970.52,0,0.0
729,1,178.98000000000002,1,1.0
224,3,1176.19,1,1.0
59,2,894.4100000000001,0,0.0
240,2,208.28,1,1.0
318,2,328.35,1,1.0
1,8,1661.44,0,0.01
46,7,2422.43,0,0.0
87,2,486.09,0,0.01
562,1,426.24,1,1.0
10,22,11468.83,0,0.0
175,2,685.45,1,1.0
51,6,1778.96,0,0.0
365,4,2062.2,1,1.0
318,11,3550.91,1,1.0
225,5,1417.95,1,1.0
357,5,871.36,1,0.99
233,1,409.4,1,1.0
310,1,154.41,1,1.0
36,9,2488.49,0,0.0
65,6,5580.2699999999995,0,0.0
585,1,160.5,1,1.0
238,2,429.6,1,1.0
620,1,250.26,1,1.0
112,2,612.06,1,1.0
400,1,59.400000000000006,1,1.0
276,1,197.0,1,1.0
217,16,2772.76,1,0.98
298,1,321.05,1,1.0
1,4,1412.32,0,0.0
28,3,1071.99,0,0.0
9,2,780.59,0,0.0
44,12,4459.98,0,0.0
66,11,3050.16,0,0.0
421,1,302.04,1,1.0
73,2,927.28,0,0.0
64,3,912.08,0,0.0
133,8,4610.84,1,0.99
237,3,780.4,1,0.99
121,3,976.06,1,1.0
410,3,1893.93,1,0.99
31,18,9266.0,0,0.02
640,1,60.0,1,1.0
8,21,20324.54,0,0.0
35,5,2103.41,0,0.0
15,8,2055.09,0,0.0
126,3,1088.35,1,1.0
66,9,3706.02,0,0.0
148,2,170.4,1,1.0
282,2,685.9,1,1.0
168,2,623.16,1,1.0
512,4,1182.38,1,1.0
99,25,8767.73,1,0.87
134,4,1508.0,1,1.0
323,3,418.82,1,1.0
106,1,156.51,1,1.0
63,2,848.4,0,0.0
150,4,3345.64,1,0.99
337,5,852.21,1,1.0
21,5,1717.36,0,0.0
478,3,961.9,1,1.0
23,3,1225.36,0,0.01
15,21,8524.86,0,0.0
6,24,4528.54,0,0.0
56,6,2030.95,0,0.0
599,1,228.96,1,1.0
3,2,716.57,0,0.0
37,1,615.14,0,0.0
65,4,619.8,0,0.0
46,2,476.34,0,0.0
561,4,496.16,1,1.0
354,5,1580.54,1,1.0
171,3,397.52,1,1.0
58,16,8543.57,0,0.0
569,1,348.59,1,1.0
389,3,148.32999999999998,1,0.98
499,1,24.75,1,1.0
407,1,94.92,1,1.0
49,1,240.55,0,0.0
21,5,856.03,0,0.0
42,10,3715.38,0,0.0
28,5,1593.09,0,0.0
4,26,10496.28,0,0.0
25,40,13517.76,0,0.0
200,1,178.39,1,1.0
665,1,247.5,1,1.0
410,1,233.35,1,1.0
653,1,207.04,1,1.0
50,12,10323.03,0,0.0
9,3,641.94,0,0.0
1,23,9061.77,0,0.0
66,10,6156.53,0,0.0
63,1,496.44,0,0.0
50,17,6909.67,0,0.0
729,1,308.0,1,1.0
289,3,1224.18,1,1.0
60,9,796.4,0,0.0
554,1,93.6,1,1.0
63,9,3484.73,0,0.0
95,1,205.3,1,1.0
273,1,310.47,1,1.0
610,4,797.96,1,1.0
478,1,1634.64,1,1.0
0,208,114966.42,0,0.0
74,12,2930.19,0,0.0
109,1,52.0,1,1.0
198,3,820.4499999999999,1,1.0
63,2,570.5,0,0.0
326,1,165.0,1,1.0
676,1,129.75,1,1.0
3,1,312.62,0,0.0
283,1,204.5,1,1.0
43,1,267.13,0,0.0
70,12,6709.7300000000005,0,0.0
85,2,1390.86,0,0.01
562,3,434.6,1,1.0
700,1,140.22000000000003,1,1.0
103,8,1601.46,1,0.98
333,5,1700.52,1,1.0
52,1,208.75,0,0.0
407,1,107.24,1,1.0
38,11,2958.83,0,0.0
31,2,714.9599999999999,0,0.0
499,3,767.91,1,1.0
365,6,4892.68,1,1.0
207,1,1028.56,1,1.0
156,3,350.82,1,0.99
53,1,170.22,0,0.0
401,1,240.5,1,1.0
410,1,373.02,1,1.0
676,1,277.93,1,1.0
65,7,1821.02,0,0.0
561,1,105.5,1,1.0
80,2,2402.72,0,0.0
129,1,406.09,1,1.0
86,1,364.5,0,0.0
0,3,563.94,0,0.0
45,1,393.54,0,0.0
332,3,596.12,1,1.0
365,4,1162.0,1,1.0
71,1,158.04,0,0.0
157,2,463.91,1,1.0
372,2,547.6,1,1.0
11,10,3430.22,0,0.0
548,1,111.15,1,1.0
254,7,2794.47,1,1.0
602,3,284.4,1,1.0
28,2,277.05,0,0.0
30,13,3239.57,0,0.0
4,42,16425.86,0,0.0
662,8,181.35,1,0.99
39,1,427.93,0,0.0
361,4,689.07,1,1.0
448,2,613.08,1,1.0
372,2,678.11,1,0.99
95,2,913.19,1,1.0
25,13,4557.13,0,0.0
74,7,2389.08,0,0.0
56,11,5081.33,0,0.0
20,2,722.74,0,0.0
491,11,6251.26,1,0.94
40,8,3739.01,0,0.01
661,1,59.400000000000006,1,1.0
136,8,6017.0599999999995,1,0.99
7,17,3084.54,0,0.0
128,2,307.32,1,1.0
689,1,60.959999999999994,1,1.0
39,3,1221.56,0,0.01
382,4,1211.75,1,1.0
462,2,246.5,1,1.0
168,8,4877.84,1,0.99
8,11,3248.96,0,0.0
213,5,1890.57,1,0.99
14,12,13733.55,0,0.0
169,4,2027.79,1,1.0
39,3,942.08,0,0.0
185,1,394.14,1,1.0
491,1,468.65,1,1.0
269,1,140.54,1,1.0
171,5,2733.8,1,0.99
395,2,1216.66,1,1.0
583,1,289.87,1,1.0
4,7,2911.62,0,0.0
15,5,891.34,0,0.0
9,11,5286.8,0,0.0
325,1,107.45,1,1.0
112,2,796.38,1,1.0
289,1,94.0,1,1.0
15,2,1345.53,0,0.0
0,3,815.77,0,0.0
91,8,1302.3,1,0.98
451,2,216.95,1,1.0
148,6,1830.54,1,1.0
491,2,170.88,1,1.0
375,1,257.06,1,1.0
188,2,659.84,1,1.0
30,4,975.87,0,0.0
33,4,1046.74,0,0.0
263,1,267.18,1,1.0
720,1,131.25,1,1.0
83,10,4685.72,0,0.01
25,4,1348.93,0,0.0
170,1,190.53,1,1.0
691,5,6798.72,1,0.97
9,3,774.9,0,0.0
312,1,559.61,1,0.99
64,7,4572.82,0,0.01
84,1,508.8,0,0.0
424,2,449.42,1,1.0
24,1,135.86,0,0.0
433,6,743.0,1,1.0
58,10,3805.34,0,0.0
322,7,1619.97,1,0.99
37,3,266.89,0,0.0
253,3,597.78,1,1.0
399,4,1941.12,1,1.0
18,9,2156.35,0,0.0
32,3,1430.54,0,0.0
14,4,762.75,0,0.0
26,2,397.35,0,0.0
467,2,954.75,1,1.0
502,1,153.24,1,1.0
22,2,320.76,0,0.0
213,2,533.3,1,1.0
7,11,2567.06,0,0.0
21,1,149.29,0,0.0
11,3,1067.75,0,0.0
261,2,393.45,1,0.99
130,1,156.57999999999998,1,1.0
404,4,1269.05,1,1.0
54,3,383.68,0,0.0
395,3,1254.21,1,1.0
248,1,594.0,1,1.0
1,14,5114.2300000000005,0,0.0
8,2,1411.21,0,0.0
263,2,284.5,1,1.0
376,3,399.75,1,1.0
330,5,492.88,1,0.99
312,2,788.81,1,1.0
25,3,974.52,0,0.0
29,1,429.84,0,0.0
433,2,226.86,1,1.0
29,6,1785.11,0,0.0
1,7,1371.77,0,0.0
361,2,305.99,1,1.0
597,1,38.25,1,1.0
282,10,2091.52,1,1.0
261,1,237.07,1,1.0
24,2,370.44,0,0.0
416,2,202.83,1,1.0
353,1,214.26,1,1.0
460,2,429.7,1,1.0
93,4,737.05,1,0.99
28,1,126.14,0,0.0
337,1,1044.65,1,1.0
19,32,12100.4,0,0.0
84,4,1560.46,0,0.02
8,3,524.88,0,0.0
50,3,1430.48,0,0.0
49,3,874.25,0,0.0
575,1,63.419999999999995,1,1.0
1,3,1292.01,0,0.0
112,1,371.56,1,1.0
13,8,2046.0,0,0.0
595,1,150.35,1,1.0
76,1,454.11,0,0.0
379,4,2209.98,1,1.0
649,1,368.4,1,1.0
39,3,1983.48,0,0.01
732,1,147.4,1,1.0
115,5,6279.0,1,0.99
400,1,1993.34,1,1.0
15,19,14417.36,0,0.0
160,10,817.82,1,0.99
0,6,4652.1,0,0.0
29,7,4810.92,0,0.0
526,1,102.0,1,1.0
679,1,231.32,1,1.0
92,5,431.92,1,0.97
22,8,2419.61,0,0.0
429,1,210.85,1,1.0
94,6,3100.09,1,1.0
27,2,659.4599999999999,0,0.0
32,9,4121.68,0,0.0
20,5,3702.6,0,0.0
378,1,246.5,1,1.0
630,1,146.14,1,1.0
17,9,8657.39,0,0.0
2,44,24972.86,0,0.0
723,1,158.65,1,1.0
7,4,1131.56,0,0.01
404,2,399.95,1,1.0
15,14,13003.87,0,0.0
362,2,257.3,1,1.0
80,4,402.7,0,0.0
52,5,3610.96,0,0.0
22,6,2030.33,0,0.0
171,1,475.86,1,1.0
188,6,1000.27,1,1.0
379,1,152.41,1,1.0
330,1,250.0,1,1.0
11,5,900.53,0,0.0
155,4,331.58,1,1.0
32,35,26437.05,0,0.0
11,18,6392.06,0,0.0
386,1,171.81,1,1.0
44,3,62.43,0,0.02
232,1,267.03,1,1.0
63,15,4189.99,0,0.0
382,2,344.61,1,1.0
1,1,343.5,0,0.0
39,16,7098.24,0,0.0
32,2,397.99,0,0.0
83,16,17259.19,0,0.0
24,2,591.4,0,0.0
1,4,890.22,0,0.0
32,2,148.44,0,0.0
18,23,5554.89,0,0.01
253,1,229.33,1,1.0
22,12,4783.66,0,0.0
21,5,1808.68,0,0.0
7,2,1972.39,0,0.0
24,10,3738.85,0,0.0
18,3,807.57,0,0.0
725,1,162.25,1,1.0
172,6,1044.37,1,1.0
408,1,259.09,1,1.0
162,1,110.92,1,1.0
537,6,3358.4,1,1.0
6,1,538.46,0,0.0
10,2,460.68,0,0.0
113,1,85.13000000000001,1,0.99
511,3,855.71,1,1.0
287,2,242.26,1,1.0
8,20,7807.89,0,0.0
53,2,288.96999999999997,0,0.0
606,2,1079.1,1,1.0
6,26,10057.05,0,0.0
595,1,158.09,1,1.0
76,8,2334.16,0,0.0
3,12,2211.05,0,0.0
36,7,1679.81,0,0.0
216,2,252.52,1,1.0
59,1,428.93,0,0.0
277,1,217.2,1,1.0
11,36,11243.91,0,0.0
23,1,279.77,0,0.0
28,1,468.91,0,0.0
638,1,202.68,1,1.0
567,1,1109.4,1,1.0
397,2,153.52,1,1.0
11,8,1934.39,0,0.0
351,3,671.4300000000001,1,1.0
21,7,2859.46,0,0.0
462,2,70.74000000000001,1,0.99
49,2,173.16000000000005,0,0.01
392,2,227.87,1,1.0
18,1,186.01,0,0.01
2,3,758.29,0,0.0
103,10,3583.45,1,1.0
6,25,8736.49,0,0.0
11,14,3892.35,0,0.0
4,10,3965.2,0,0.0
31,5,1188.42,0,0.0
177,6,1101.44,1,1.0
619,1,30.1,1,1.0
37,1,921.37,0,0.0
150,5,396.03,1,1.0
161,1,127.1,1,1.0
68,5,1250.63,0,0.01
376,8,1375.39,1,1.0
120,38,7480.4,1,0.93
24,3,682.9100000000001,0,0.0
375,1,95.96,1,1.0
23,6,1268.2,0,0.0
176,1,455.3,1,1.0
592,3,1139.1,1,1.0
49,7,1522.08,0,0.0
677,1,579.6,1,1.0
255,3,478.53,1,1.0
381,5,1496.6,1,1.0
582,3,217.9,1,0.99
46,1,388.58,0,0.0
70,1,199.8,0,0.0
15,5,1771.78,0,0.0
487,1,357.59999999999997,1,1.0
100,9,2727.72,1,1.0
34,2,563.37,0,0.0
52,2,548.02,0,0.0
26,3,1250.06,0,0.0
427,4,1199.31,1,1.0
10,30,14191.74,0,0.0
7,16,3137.96,0,0.0
78,2,88.48,0,0.0
51,1,216.39,0,0.0
35,9,1741.95,0,0.0
60,17,5230.99,0,0.0
336,9,1708.97,1,1.0
27,5,1785.98,0,0.0
183,1,298.48,1,1.0
51,1,112.46,0,0.0
9,26,2997.28,0,0.0
35,2,195.15,0,0.01
609,1,433.72,1,1.0
437,4,3147.36,1,0.99
9,47,21373.97,0,0.0
437,1,317.11,1,1.0
395,3,828.5500000000001,1,1.0
32,4,776.851,0,0.0
10,1,336.4,0,0.0
56,4,1942.36,0,0.0
3,4,1293.03,0,0.0
42,17,7852.61,0,0.0
140,8,2437.05,1,1.0
116,4,588.13,1,1.0
103,9,3236.4,1,0.99
74,3,1067.52,0,0.0
456,2,566.9,1,0.99
4,17,5333.08,0,0.0
449,4,2240.9,1,1.0
44,3,1481.4,0,0.0
641,1,596.67,1,1.0
15,8,3285.31,0,0.0
508,13,4335.96,1,0.96
16,2,554.65,0,0.0
395,1,100.35,1,1.0
89,4,1444.58,0,0.02
52,5,797.59,0,0.0
378,6,2265.2,1,1.0
133,3,1065.08,1,1.0
3,29,23494.31,0,0.0
104,12,5345.55,1,0.99
729,1,105.78,1,1.0
191,3,664.0,1,1.0
165,4,803.54,1,1.0
18,3,1055.17,0,0.01
157,5,784.8100000000001,1,1.0
414,1,169.0,1,1.0
203,2,639.5,1,1.0
335,4,1660.35,1,1.0
521,2,553.88,1,1.0
36,5,1259.06,0,0.0
90,5,1405.94,0,0.01
92,2,877.44,1,1.0
8,2,922.53,0,0.0
242,1,560.6700000000001,1,1.0
44,4,748.5,0,0.01
22,1,30.0,0,0.0
189,8,2117.27,1,1.0
43,3,532.49,0,0.0
24,15,2603.69,0,0.0
316,8,1215.95,1,1.0
660,2,283.73,1,1.0
105,1,138.14,1,1.0
50,4,1254.03,0,0.0
167,5,3987.07,1,1.0
471,2,632.94,1,1.0
39,1,301.32,0,0.0
217,1,76.32000000000001,1,1.0
39,4,684.34,0,0.0
296,2,325.2,1,1.0
18,7,2657.13,0,0.0
724,1,45.3,1,1.0
87,9,6204.32,0,0.01
72,13,6948.2300000000005,0,0.01
80,4,542.04,0,0.0
18,3,3435.76,0,0.0
48,3,1305.63,0,0.0
52,3,1825.94,0,0.0
23,4,781.28,0,0.0
8,10,4028.69,0,0.0
24,14,2989.7,0,0.0
598,2,318.24,1,1.0
116,2,524.54,1,1.0
546,3,173.95,1,0.97
449,1,55.98,1,1.0
419,1,90.0,1,1.0
8,9,2993.1,0,0.0
418,1,190.57,1,1.0
119,3,521.03,1,1.0
3,2,239.76,0,0.01
251,4,571.3,1,1.0
27,1,191.04,0,0.01
658,1,37.5,1,1.0
0,24,9978.48,0,0.0
266,4,1131.04,1,1.0
32,13,3881.22,0,0.0
689,1,246.75,1,1.0
623,1,46.2,1,1.0
17,1,309.65,0,0.0
171,2,696.68,1,1.0
1,4,1529.0,0,0.0
475,2,140.39,1,1.0
264,1,211.5,1,1.0
139,6,3734.66,1,1.0
200,1,143.1,1,1.0
63,4,1060.56,0,0.0
34,4,916.98,0,0.0
40,9,3887.15,0,0.0
283,2,327.85,1,1.0
416,1,898.87,1,1.0
556,2,420.25,1,1.0
8,12,3472.41,0,0.0
142,4,839.64,1,1.0
11,5,783.96,0,0.0
555,5,658.02,1,1.0
145,11,2485.26,1,1.0
233,5,607.0,1,1.0
539,1,293.79,1,1.0
32,31,10195.97,0,0.0
23,2,739.22,0,0.0
11,1,471.4,0,0.0
35,11,5234.0,0,0.0
364,4,930.7,1,1.0
200,3,310.85,1,1.0
14,1,415.25,0,0.0
389,1,321.91,1,1.0
16,15,9371.71,0,0.0
379,2,544.6,1,1.0
212,3,192.55,1,0.99
65,5,1726.58,0,0.0
553,1,125.3,1,1.0
211,10,1543.97,1,0.99
282,1,162.3,1,1.0
114,4,2263.3,1,1.0
420,1,327.68,1,1.0
434,2,1767.12,1,1.0
14,8,1188.12,0,0.0
18,41,13043.32,0,0.0
65,1,449.12,0,0.0
48,1,154.88,0,0.0
457,2,208.62,1,1.0
618,1,156.87,1,1.0
15,4,775.96,0,0.0
77,1,34.8,0,0.0
18,4,1094.59,0,0.0
133,1,196.88,1,1.0
12,9,2499.81,0,0.0
39,3,609.81,0,0.0
234,3,44534.3,1,0.99
2,18,6452.991,0,0.0
460,11,1380.44,1,1.0
39,9,3924.91,0,0.0
304,1,79.2,1,1.0
50,9,3037.61,0,0.0
9,17,5993.12,0,0.01
60,4,528.01,0,0.01
65,6,2940.36,0,0.0
24,1,205.25,0,0.0
217,7,830.9300000000001,1,1.0
630,2,13916.34,1,0.99
442,1,143.05,1,1.0
64,2,583.75,0,0.0
31,2,1086.92,0,0.0
87,8,4503.08,0,0.0
666,1,370.63,1,1.0
63,3,831.0600000000001,0,0.0
115,34,15308.89,1,0.95
6,46,88612.52,0,0.01
612,1,321.45,1,1.0
603,3,1006.54,1,1.0
417,1,280.88,1,1.0
5,2,774.52,0,0.0
68,6,1288.34,0,0.0
244,2,150.5,1,1.0
132,1,241.62,1,1.0
240,7,1762.61,1,1.0
430,1,307.95,1,1.0
462,2,124.08,1,1.0
183,3,475.28,1,1.0
24,3,345.46,0,0.02
9,4,4014.1,0,0.0
10,1,246.3,0,0.0
467,2,848.33,1,1.0
32,16,5969.93,0,0.0
45,5,8501.62,0,0.01
25,3,933.26,0,0.0
508,1,221.83,1,1.0
357,6,1962.01,1,1.0
9,1,218.75,0,0.0
43,5,3608.34,0,0.0
399,2,933.84,1,1.0
14,8,2399.57,0,0.0
735,2,777.0,1,0.99
149,8,1979.87,1,1.0
0,17,5171.63,0,0.0
112,6,2821.08,1,1.0
492,3,1535.37,1,1.0
75,4,1421.34,0,0.0
106,7,1227.07,1,1.0
45,3,1063.95,0,0.0
142,1,451.42,1,1.0
50,4,1929.66,0,0.0
0,13,4206.39,0,0.0
22,30,10148.93,0,0.0
45,3,784.58,0,0.0
49,5,1817.52,0,0.0
305,21,17180.25,1,0.99
35,7,1274.44,0,0.0
78,8,2999.04,0,0.0
21,7,3486.15,0,0.0
106,12,5201.47,1,1.0
207,2,1303.91,1,1.0
16,6,2634.44,0,0.0
63,5,2100.6,0,0.0
541,2,144.14999999999998,1,1.0
420,3,2766.4,1,1.0
587,1,340.5,1,1.0
48,10,3934.79,0,0.0
319,1,206.98,1,1.0
43,2,570.96,0,0.0
2,6,1840.06,0,0.0
371,3,3882.17,1,1.0
452,2,890.94,1,1.0
171,1,532.94,1,1.0
55,4,2598.28,0,0.0
72,28,3603.14,0,0.0
374,1,1108.82,1,1.0
98,2,636.14,1,0.99
37,1,576.0,0,0.01
57,3,794.64,0,0.0
253,1,836.79,1,1.0
737,1,80.4,1,1.0
69,7,3764.39,0,0.0
43,4,954.09,0,0.0
49,1,137.37,0,0.0
64,2,777.01,0,0.0
10,34,73205.5,0,0.01
32,3,1048.49,0,0.0
58,2,355.56,0,0.0
72,9,2742.41,0,0.0
392,2,548.8,1,1.0
303,1,118.95,1,1.0
45,1,130.73999999999998,0,0.0
17,11,4426.28,0,0.0
384,1,107.01,1,1.0
37,5,822.57,0,0.0
621,1,137.99,1,1.0
18,6,1006.75,0,0.0
526,1,109.73,1,1.0
186,3,257.26,1,0.96
51,1,110.8,0,0.0
3,21,5578.28,0,0.0
136,6,1052.72,1,1.0
3,52,32275.95,0,0.0
18,2,570.48,0,0.0
15,13,3552.41,0,0.0
431,1,438.46,1,1.0
40,17,2361.3,0,0.01
11,12,4369.2,0,0.0
7,13,2512.29,0,0.0
25,5,355.1,0,0.01
21,7,2180.76,0,0.01
40,5,2241.42,0,0.0
100,1,211.89,1,1.0
4,31,8923.3,0,0.0
582,1,94.53,1,1.0
276,3,321.11,1,1.0
32,4,857.46,0,0.0
436,1,33.099999999999994,1,1.0
14,4,729.25,0,0.0
499,4,313.91999999999996,1,1.0
63,21,11284.76,0,0.0
645,1,108.52,1,1.0
408,2,1449.14,1,1.0
1,2,490.33,0,0.0
561,2,330.77,1,0.99
403,4,1137.8,1,1.0
368,1,329.03000000000003,1,1.0
311,5,501.39,1,0.99
198,8,1124.66,1,1.0
1,2,396.48,0,0.0
431,2,244.6,1,1.0
92,15,1951.82,1,1.0
59,4,1052.87,0,0.01
406,3,1027.15,1,1.0
80,3,429.16,0,0.01
156,8,1427.6,1,1.0
394,5,535.65,1,1.0
226,1,511.68,1,1.0
668,1,128.2,1,1.0
481,1,305.28000000000003,1,1.0
252,2,258.25,1,1.0
149,1,179.17,1,1.0
193,2,208.59,1,1.0
0,25,4996.45,0,0.0
368,1,56.25,1,0.99
23,4,886.57,0,0.0
16,7,687.72,0,0.0
379,1,145.01,1,0.99
9,12,8939.84,0,0.0
7,1,164.68,0,0.0
542,1,114.69,1,1.0
19,10,2530.19,0,0.0
3,3,882.72,0,0.0
490,2,758.62,1,1.0
173,1,191.94,1,1.0
0,15,2661.17,0,0.0
623,8,1700.24,1,1.0
177,9,1074.7,1,1.0
533,1,6.300000000000001,1,0.99
377,2,205.99,1,1.0
401,1,364.45,1,1.0
15,13,3145.24,0,0.0
247,5,530.17,1,1.0
190,3,582.88,1,1.0
19,2,525.69,0,0.0
153,9,569.14,1,1.0
172,4,775.26,1,1.0
372,1,369.5,1,1.0
372,1,127.08,1,1.0
730,1,102.82,1,1.0
193,1,207.15,1,1.0
541,1,134.44,1,1.0
646,1,106.54,1,1.0
655,1,293.53,1,1.0
643,1,594.0,1,1.0
66,1,426.63,0,0.0
427,1,239.9,1,1.0
3,8,2495.87,0,0.0
20,3,1107.46,0,0.0
417,2,2190.66,1,1.0
238,2,416.86,1,1.0
378,2,282.79,1,1.0
63,1,145.35,0,0.0
111,9,734.81,1,1.0
89,16,9060.39,0,0.01
310,1,35.8,1,1.0
636,1,405.0,1,1.0
133,1,337.44,1,1.0
649,2,271.28999999999996,1,1.0
276,4,2164.24,1,1.0
364,4,646.27,1,1.0
502,3,2304.18,1,1.0
82,1,1708.24,0,0.0
7,3,1509.09,0,0.0
16,2,364.72,0,0.0
31,10,7120.91,0,0.01
8,3,1013.17,0,0.0
33,4,781.91,0,0.0
14,18,3440.34,0,0.0
588,1,190.75,1,1.0
23,22,8085.98,0,0.0
550,2,617.6,1,1.0
31,3,921.25,0,0.0
73,4,462.12,0,0.0
681,3,542.89,1,1.0
373,4,410.95,1,1.0
378,1,451.29,1,1.0
448,1,289.48,1,1.0
19,2,470.76,0,0.0
662,1,269.21000000000004,1,1.0
16,13,2771.94,0,0.0
450,1,426.53,1,1.0
22,12,2966.0,0,0.0
387,1,404.55,1,1.0
2,5,1127.05,0,0.0
303,2,1017.32,1,1.0
17,18,5902.83,0,0.0
455,5,1769.33,1,1.0
366,3,680.62,1,1.0
38,7,3442.15,0,0.0
83,1,371.01,0,0.0
164,6,1694.41,1,1.0
16,2,1054.73,0,0.0
76,3,3279.42,0,0.0
602,1,329.21999999999997,1,1.0
88,7,6543.68,0,0.0
24,21,9362.77,0,0.0
604,1,324.51,1,1.0
21,8,3110.37,0,0.0
2,30,8393.02,0,0.0
122,7,2715.28,1,1.0
29,2,354.42,0,0.0
11,8,1535.99,0,0.0
18,3,738.89,0,0.0
375,2,368.31,1,1.0
43,7,1997.75,0,0.0
533,1,150.55,1,1.0
3,3,896.6,0,0.0
8,7,2777.67,0,0.0
54,3,1175.68,0,0.01
413,1,694.54,1,1.0
87,7,1386.4,0,0.02
36,16,8274.14,0,0.0
735,1,20.4,1,1.0
2,3,12393.7,0,0.0
380,1,583.39,1,1.0
624,1,169.21,1,1.0
29,10,5613.83,0,0.0
474,5,2146.39,1,1.0
11,10,2365.49,0,0.0
210,2,332.82,1,1.0
47,7,3053.06,0,0.0
23,15,5339.13,0,0.0
21,4,972.11,0,0.0
245,11,1694.86,1,1.0
7,29,5601.01,0,0.0
34,5,2978.59,0,0.0
3,84,56078.44,0,0.0
37,5,1100.28,0,0.0
3,3,704.55,0,0.0
2,11,2083.4,0,0.0
46,5,1545.58,0,0.0
38,4,698.13,0,0.0
46,27,17329.16,0,0.0
16,3,851.01,0,0.0
394,2,487.03,1,1.0
259,1,602.63,1,1.0
45,3,719.8100000000001,0,0.0
11,3,483.99,0,0.0
29,1,439.66,0,0.0
42,1,236.09,0,0.0
91,15,2048.36,1,0.98
595,1,82.2,1,1.0
38,107,117763.62,0,0.0
309,1,331.24,1,1.0
91,2,547.9,1,0.97
455,6,1965.72,1,1.0
5,27,10608.81,0,0.0
195,6,911.32,1,1.0
559,1,217.73,1,1.0
86,4,2556.84,0,0.0
269,5,1509.34,1,1.0
7,3,471.78,0,0.0
423,2,456.4,1,1.0
64,7,2416.9,0,0.0
30,3,3166.4,0,0.0
21,8,2245.32,0,0.0
37,8,1856.59,0,0.0
434,1,340.84000000000003,1,1.0
119,8,3434.93,1,1.0
561,1,235.78,1,1.0
681,1,107.14,1,1.0
372,4,818.7900000000001,1,1.0
39,6,1852.15,0,0.0
173,3,300.7,1,1.0
681,1,188.44,1,1.0
53,1,362.06,0,0.0
32,6,3634.84,0,0.0
144,4,2111.88,1,0.99
220,1,134.8,1,1.0
44,1,650.75,0,0.0
15,10,3854.85,0,0.0
405,1,62.7,1,1.0
65,12,3053.57,0,0.0
400,3,541.95,1,1.0
430,1,89.65,1,1.0
9,8,2863.45,0,0.0
259,1,335.32,1,1.0
724,1,109.31,1,1.0
364,8,1992.13,1,0.99
16,5,1521.04,0,0.0
562,3,3269.11,1,1.0
593,1,115.73,1,1.0
417,1,457.7,1,1.0
21,2,852.15,0,0.0
44,4,1076.8,0,0.0
287,4,4180.09,1,1.0
296,1,122.4,1,1.0
389,1,252.5,1,1.0
502,2,736.9300000000001,1,1.0
2,10,2234.73,0,0.0
625,1,2300.4,1,1.0
283,2,362.99,1,1.0
16,3,1352.0,0,0.0
81,4,602.5600000000001,0,0.0
55,8,4278.96,0,0.0
669,1,106.75,1,1.0
100,4,2351.42,1,0.99
298,1,436.18,1,1.0
22,12,2341.03,0,0.01
58,10,2687.73,0,0.0
388,5,1739.92,1,1.0
575,2,1437.43,1,1.0
385,2,263.49,1,1.0
623,1,180.56,1,1.0
154,2,315.06,1,1.0
114,6,1587.94,1,1.0
106,1,17.0,1,1.0
11,11,3695.56,0,0.0
455,1,447.05,1,1.0
263,4,1584.97,1,1.0
239,1,185.05,1,1.0
87,14,4010.7,0,0.02
49,7,1573.2,0,0.0
462,1,582.64,1,1.0
70,4,3229.16,0,0.0
41,3,1842.14,0,0.0
6,22,6191.71,0,0.0
61,9,2774.46,0,0.0
248,5,2386.19,1,1.0
65,1,108.38,0,0.0
17,7,3204.1600000000003,0,0.0
84,4,2235.92,0,0.01
218,3,939.48,1,1.0
44,4,1781.59,0,0.01
427,1,549.33,1,1.0
142,4,195.74,1,0.98
182,1,161.38,1,1.0
170,1,135.75000000000003,1,1.0
9,12,2553.8,0,0.0
211,1,612.78,1,1.0
189,3,654.4,1,1.0
652,1,4376.25,1,0.99
7,8,1720.81,0,0.01
58,6,2967.51,0,0.0
56,5,1450.04,0,0.0
72,6,895.62,0,0.0
51,1,307.78,0,0.0
316,4,1772.49,1,1.0
366,14,4292.35,1,1.0
28,15,14644.6,0,0.0
38,2,801.3100000000001,0,0.0
17,11,3801.05,0,0.0
406,3,1396.05,1,1.0
421,4,987.48,1,1.0
51,12,9957.42,0,0.0
543,2,664.1999999999999,1,0.99
3,56,22992.26,0,0.0
21,5,2145.34,0,0.0
262,2,819.4499999999999,1,1.0
59,4,946.8,0,0.0
679,1,422.7,1,1.0
378,3,910.35,1,1.0
18,5,1111.15,0,0.0
65,3,1433.46,0,0.01
87,2,955.94,0,0.0
249,1,535.34,1,1.0
2,12,4555.08,0,0.0
246,1,175.2,1,1.0
8,19,6805.4400000000005,0,0.0
156,4,946.38,1,1.0
133,5,2398.91,1,0.99
295,2,386.62,1,0.99
4,3,422.22,0,0.0
42,10,4002.17,0,0.0
268,1,1829.04,1,1.0
49,11,5133.49,0,0.0
381,5,796.9,1,1.0
8,20,6188.18,0,0.0
15,3,656.69,0,0.0
521,9,628.32,1,1.0
281,4,1232.79,1,1.0
64,2,1025.44,0,0.0
1,43,12580.06,0,0.0
251,1,37.4,1,1.0
231,6,2407.98,1,0.99
16,3,822.48,0,0.0
504,1,79.9,1,1.0
427,2,435.83,1,1.0
413,5,1386.12,1,1.0
10,66,10360.67,0,0.0
7,4,1822.97,0,0.0
50,20,6869.0,0,0.0
58,1,73.19999999999999,0,0.01
94,8,1884.55,1,0.99
15,6,1418.32,0,0.0
125,7,2246.75,1,1.0
93,7,1836.44,1,0.97
420,4,2052.69,1,1.0
49,8,2247.31,0,0.01
137,2,612.6,1,1.0
60,1,215.83,0,0.0
99,13,16249.87,1,0.96
72,1,305.54,0,0.0
71,9,9971.65,0,0.0
66,4,1077.81,0,0.0
63,6,1158.79,0,0.0
16,3,644.72,0,0.0
22,26,8718.43,0,0.0
31,15,6911.4400000000005,0,0.0
44,5,1087.66,0,0.0
15,2,215.48,0,0.0
39,8,2723.55,0,0.0
2,24,15677.82,0,0.0
735,1,351.3,1,1.0
236,2,630.43,1,1.0
374,1,308.6,1,1.0
722,1,323.25,1,1.0
488,1,93.3,1,1.0
468,9,2016.71,1,1.0
74,2,1030.0410000000002,0,0.0
391,7,942.75,1,1.0
3,12,5608.1,0,0.0
2,5,2112.12,0,0.0
360,9,2501.99,1,0.99
58,6,943.84,0,0.0
22,3,918.71,0,0.0
30,7,1820.11,0,0.0
54,13,2589.87,0,0.0
24,1,394.38,0,0.0
44,10,3440.4500000000003,0,0.0
88,9,4146.78,0,0.0
1,35,33750.97,0,0.0
88,3,1090.59,0,0.01
18,4,1293.71,0,0.0
78,1,159.0,0,0.0
170,4,2038.25,1,1.0
80,1,242.35,0,0.0
266,1,914.93,1,1.0
234,2,304.25,1,1.0
29,13,3968.67,0,0.0
500,1,40.8,1,1.0
36,9,2019.92,0,0.0
317,2,1272.05,1,1.0
374,2,1087.05,1,1.0
56,5,1616.54,0,0.0
44,15,2859.31,0,0.0
202,5,672.17,1,1.0
224,3,1027.22,1,1.0
384,3,885.71,1,1.0
86,6,2867.86,0,0.0
189,2,542.03,1,1.0
378,4,1074.47,1,0.99
43,7,2712.97,0,0.0
70,9,1818.31,0,0.0
475,3,333.18,1,1.0
40,9,2053.71,0,0.0
77,1,432.2,0,0.0
436,1,136.65,1,1.0
422,1,63.66,1,1.0
56,6,1492.2,0,0.0
23,2,3718.8,0,0.01
9,16,3992.86,0,0.0
7,14,7404.650000000001,0,0.0
33,2,409.1,0,0.0
211,2,1522.75,1,1.0
23,3,1413.66,0,0.0
459,2,821.35,1,1.0
169,1,114.56,1,1.0
61,1,152.94,0,0.0
52,5,1800.07,0,0.01
260,3,565.24,1,1.0
511,1,128.31,1,1.0
382,1,295.09000000000003,1,1.0
66,7,7272.2,0,0.0
377,3,967.44,1,1.0
16,15,4530.0,0,0.0
266,3,1629.37,1,1.0
176,1,46.95,1,1.0
44,15,11942.52,0,0.0
409,3,340.94,1,0.96
50,1,1035.45,0,0.0
16,6,1041.16,0,0.0
377,1,755.15,1,1.0
422,1,348.16,1,1.0
437,2,823.53,1,1.0
8,12,6935.17,0,0.0
73,14,1757.95,0,0.02
590,1,186.66,1,1.0
70,2,667.65,0,0.0
437,1,717.57,1,1.0
352,1,1141.24,1,1.0
2,10,3397.82,0,0.0
116,1,411.7,1,1.0
647,2,318.34000000000003,1,1.0
372,1,351.75,1,1.0
196,3,2151.11,1,1.0
176,3,2629.3900000000003,1,0.98
733,1,188.69,1,0.99
99,3,1117.84,1,0.99
20,9,5698.28,0,0.0
724,1,238.05,1,1.0
71,3,3424.02,0,0.0
339,3,1307.5800000000002,1,1.0
5,8,4350.32,0,0.0
30,3,1018.48,0,0.0
645,1,176.9,1,1.0
476,2,328.95,1,1.0
169,5,1006.98,1,1.0
469,1,129.85,1,1.0
461,1,136.31,1,1.0
464,4,1957.7,1,1.0
681,1,117.72,1,1.0
121,5,1253.76,1,1.0
21,15,4279.2,0,0.01
476,1,126.05,1,1.0
9,4,1328.55,0,0.0
625,4,1313.67,1,1.0
268,1,301.9,1,1.0
22,7,1085.7,0,0.0
476,1,193.65,1,1.0
429,3,1367.32,1,0.98
736,1,107.33,1,1.0
126,1,233.22,1,1.0
25,7,7928.27,0,0.0
694,1,381.66,1,1.0
138,1,361.22,1,1.0
213,7,1124.72,1,1.0
428,3,1194.92,1,0.99
37,7,5120.0,0,0.0
105,2,706.57,1,0.99
413,2,460.08,1,1.0
17,2,616.26,0,0.0
431,1,171.15,1,1.0
2,2,274.15,0,0.0
389,3,1491.4,1,1.0
330,2,402.71,1,1.0
63,13,5744.91,0,0.01
119,5,2192.51,1,0.99
34,1,328.15,0,0.0
217,1,404.4,1,1.0
171,6,5628.99,1,0.99
71,7,604.5500000000001,0,0.01
0,2,326.75,0,0.0
195,2,353.66,1,1.0
127,3,408.59,1,1.0
46,12,3597.5,0,0.0
5,24,4721.25,0,0.0
13,16,10159.64,0,0.0
562,1,310.83,1,1.0
427,4,1664.92,1,1.0
17,7,625.38,0,0.01
431,6,2037.7,1,0.98
27,11,2000.01,0,0.0
7,22,26626.8,0,0.0
491,1,263.73,1,1.0
551,7,2753.52,1,1.0
420,4,3517.69,1,1.0
36,1,151.05,0,0.0
156,1,214.8,1,1.0
283,1,94.05,1,1.0
106,3,1496.24,1,1.0
24,7,3850.79,0,0.0
74,4,322.41,0,0.01
15,3,614.12,0,0.01
157,4,842.42,1,1.0
43,2,1178.79,0,0.0
384,1,224.51,1,1.0
10,11,3442.96,0,0.0
31,8,1744.42,0,0.0
290,1,53.5,1,1.0
20,9,2253.89,0,0.0
332,13,3330.0299999999997,1,0.98
17,2,494.44,0,0.0
3,38,9795.46,0,0.0
62,5,1119.46,0,0.0
374,1,416.35,1,1.0
197,6,415.87,1,0.99
32,4,868.37,0,0.0
0,5,2919.65,0,0.0
6,16,2697.75,0,0.0
4,6,3450.41,0,0.0
9,4,891.21,0,0.0
31,6,922.16,0,0.0
52,1,109.36,0,0.0
11,2,705.79,0,0.0
17,15,3167.34,0,0.0
18,4,1548.13,0,0.0
36,3,1350.48,0,0.0
1,3,621.44,0,0.0
17,7,2656.56,0,0.0
81,4,1301.91,0,0.0
448,1,157.2,1,1.0
32,5,1290.31,0,0.0
381,2,309.49,1,1.0
65,5,1723.4,0,0.0
469,2,104.0,1,1.0
8,2,974.96,0,0.0
266,2,1308.48,1,1.0
246,3,362.95,1,1.0
3,4,2157.4,0,0.01
60,1,1743.15,0,0.0
395,2,247.85,1,1.0
407,2,353.1,1,1.0
74,7,2896.69,0,0.0
89,4,1358.95,0,0.01
59,5,881.35,0,0.0
28,3,1068.16,0,0.0
322,5,882.46,1,0.99
653,1,186.05,1,1.0
52,4,1382.07,0,0.0
536,3,467.5,1,1.0
400,4,1052.26,1,1.0
269,3,756.7,1,1.0
1,23,5297.77,0,0.0
56,5,1555.34,0,0.0
60,14,3518.41,0,0.0
475,1,137.8,1,1.0
627,1,123.13,1,1.0
153,2,1705.8,1,1.0
18,3,630.22,0,0.0
94,9,3059.85,1,1.0
0,23,6849.15,0,0.0
264,2,293.45,1,1.0
311,1,177.5,1,1.0
69,1,443.05,0,0.0
301,2,167.25,1,1.0
18,3,528.36,0,0.0
12,14,2761.65,0,0.0
590,1,231.93,1,1.0
35,12,5652.74,0,0.0
733,1,130.32,1,1.0
18,4,756.39,0,0.0
53,5,593.19,0,0.0
56,2,522.03,0,0.0
21,5,551.21,0,0.0
43,3,696.76,0,0.0
26,9,2957.88,0,0.0
492,1,35.7,1,1.0
44,5,1028.74,0,0.0
112,8,1463.7,1,1.0
395,1,75.0,1,1.0
375,3,526.27,1,1.0
16,109,61920.87,0,0.0
24,1,346.12,0,0.0
190,2,443.06,1,1.0
301,1,302.7,1,1.0
1,10,1863.76,0,0.0
262,2,241.06,1,1.0
413,3,638.49,1,1.0
105,1,284.55,1,1.0
56,7,1117.94,0,0.0
212,3,623.28,1,1.0
63,1,287.40000000000003,0,0.0
27,2,384.52,0,0.0
28,12,2673.69,0,0.0
511,3,1003.07,1,1.0
667,3,319.14,1,1.0
380,2,301.25,1,1.0
5,5,798.35,0,0.0
721,1,310.70000000000005,1,1.0
7,6,3856.97,0,0.0
66,5,1019.13,0,0.0
1,5,891.98,0,0.0
520,1,162.24,1,1.0
45,17,3625.88,0,0.0
33,4,583.16,0,0.0
0,2,168472.5,0,0.03
135,3,727.1,1,1.0
197,2,361.12,1,1.0
197,2,707.69,1,0.99
149,3,1505.73,1,0.99
87,3,1013.15,0,0.0
630,2,332.17,1,0.99
530,2,251.71,1,1.0
44,4,30.950000000000003,0,0.01
63,11,3995.57,0,0.0
98,13,6000.94,1,0.97
217,1,208.36,1,1.0
2,30,5690.89,0,0.0
729,1,71.78999999999999,1,1.0
27,3,811.23,0,0.0
177,3,1545.83,1,1.0
73,3,136.0,0,0.03
20,4,1422.4,0,0.0
19,3,1298.66,0,0.0
420,2,746.24,1,1.0
33,15,3767.09,0,0.0
508,7,2869.16,1,1.0
73,3,787.52,0,0.0
23,5,803.9,0,0.0
51,11,2416.85,0,0.0
274,4,1189.98,1,1.0
433,2,789.6,1,1.0
164,4,470.83,1,0.99
6,7,1810.65,0,0.0
87,4,544.3,0,0.0
431,1,350.35,1,1.0
63,11,4094.37,0,0.0
24,3,331.0,0,0.01
9,2,300.83,0,0.0
75,1,769.29,0,0.0
681,1,453.38,1,1.0
15,1,220.62,0,0.0
191,1,139.35,1,1.0
173,2,404.3,1,1.0
76,5,2287.19,0,0.0
537,1,134.36,1,1.0
576,2,209.4,1,1.0
32,3,498.8,0,0.0
379,2,303.7,1,1.0
435,1,205.41000000000005,1,1.0
46,2,1533.16,0,0.0
540,1,385.56,1,1.0
79,7,2132.09,0,0.01
296,1,826.53,1,1.0
2,3,648.26,0,0.0
8,6,2330.77,0,0.0
49,23,6695.28,0,0.0
160,2,100.97,1,1.0
359,8,2578.34,1,1.0
4,9,843.9100000000001,0,0.0
382,1,1191.23,1,1.0
619,2,258.55,1,1.0
106,11,3614.34,1,1.0
24,1,465.88,0,0.0
31,1,777.6,0,0.0
19,2,90.3,0,0.0
571,1,142.71,1,1.0
629,1,240.95,1,1.0
296,1,363.7000000000001,1,1.0
371,6,1777.5,1,1.0
21,6,1760.49,0,0.0
4,4,874.59,0,0.0
51,10,3179.06,0,0.0
29,1,101.7,0,0.0
276,1,162.7,1,1.0
60,4,959.37,0,0.0
24,4,439.06,0,0.01
185,6,2148.38,1,1.0
414,3,1140.11,1,1.0
435,2,433.36,1,1.0
1,28,11916.33,0,0.0
445,2,306.19,1,1.0
1,48,24151.3,0,0.0
171,2,717.21,1,1.0
80,2,1232.94,0,0.0
3,1,244.41,0,0.0
189,4,1986.8,1,1.0
667,1,48.35,1,1.0
21,11,2298.33,0,0.0
17,5,8756.64,0,0.01
18,3,1082.81,0,0.0
641,1,635.9,1,1.0
4,3,972.04,0,0.0
109,1,548.12,1,1.0
640,1,23.35,1,1.0
540,3,395.07,1,1.0
2,10,3289.66,0,0.0
413,1,205.75,1,1.0
734,1,424.03,1,1.0
53,2,257.32,0,0.0
591,1,292.21,1,1.0
519,4,376.7000000000001,1,1.0
164,2,689.8199999999999,1,1.0
290,5,5307.07,1,1.0
545,1,104.26,1,1.0
598,1,30.15,1,1.0
9,34,12781.8,0,0.0
108,18,8813.58,1,0.98
95,7,2237.12,1,0.98
242,2,379.73,1,1.0
162,33,16584.01,1,0.99
41,8,2841.72,0,0.0
34,6,1915.68,0,0.0
66,17,8012.58,0,0.0
23,2,281.85,0,0.0
0,38,13304.11,0,0.0
396,1,175.0,1,1.0
26,8,3048.38,0,0.0
5,2,511.12,0,0.0
476,1,223.86,1,1.0
53,6,4412.56,0,0.0
568,1,87.8,1,0.99
363,4,773.05,1,1.0
14,5,614.66,0,0.0
193,2,865.6,1,1.0
427,2,1020.9,1,1.0
2,5,1455.23,0,0.0
14,20,7434.31,0,0.0
26,10,4248.74,0,0.0
126,3,1009.6,1,1.0
84,2,663.61,0,0.0
70,3,1301.78,0,0.0
419,2,540.87,1,1.0
666,1,380.0,1,1.0
625,1,156.6,1,1.0
425,1,295.05,1,1.0
182,1,105.84,1,1.0
112,1,313.62,1,1.0
373,2,297.95,1,1.0
79,5,3156.17,0,0.0
593,2,341.59,1,1.0
248,3,1462.78,1,1.0
231,1,225.15,1,1.0
385,4,1361.28,1,1.0
70,4,612.36,0,0.0
400,2,605.9,1,1.0
68,1,213.5,0,0.0
3,28,7807.91,0,0.0
50,8,1071.14,0,0.0
74,1,181.09,0,0.0
60,5,1757.75,0,0.0
15,4,458.98,0,0.0
3,1,90.04,0,0.0
285,1,145.05,1,0.99
385,1,172.8,1,1.0
3,13,2153.41,0,0.0
40,3,677.0,0,0.0
35,2,763.33,0,0.0
74,2,482.47,0,0.0
562,2,432.45,1,1.0
723,1,60.48,1,1.0
403,2,357.66,1,1.0
17,25,5706.87,0,0.0
453,2,1286.62,1,1.0
14,7,5493.46,0,0.0
218,1,75.66,1,1.0
185,6,1785.13,1,1.0
32,9,3245.4300000000003,0,0.0
69,1,618.59,0,0.0
182,3,1179.79,1,1.0
625,1,291.5,1,1.0
14,2,500.42,0,0.0
235,1,151.85,1,1.0
30,5,2647.59,0,0.0
263,4,1938.33,1,1.0
3,6,1758.93,0,0.0
51,4,813.48,0,0.0
543,1,225.4,1,1.0
245,4,1015.24,1,1.0
80,2,810.57,0,0.0
274,5,1654.03,1,1.0
0,17,4413.1,0,0.0
78,1,322.8,0,0.0
29,7,2318.1,0,0.0
73,2,408.63,0,0.0
406,1,106.8,1,1.0
481,7,1892.52,1,0.99
485,2,406.4,1,1.0
16,6,2883.1,0,0.0
222,6,1649.81,1,1.0
406,1,473.0,1,1.0
437,4,3802.04,1,1.0
31,4,1154.47,0,0.0
22,15,2380.13,0,0.0
30,4,1747.98,0,0.01
397,1,179.4,1,1.0
105,2,554.5,1,1.0
4,3,1077.45,0,0.0
245,2,923.11,1,1.0
177,2,833.78,1,1.0
735,1,160.39,1,1.0
448,1,678.8,1,1.0
169,4,541.9,1,1.0
42,3,672.8,0,0.0
519,1,306.58,1,1.0
71,7,1916.11,0,0.0
586,1,136.2,1,1.0
58,16,17550.39,0,0.0
15,2,1212.66,0,0.0
140,8,1484.07,1,1.0
17,13,6423.26,0,0.0
21,30,16833.170000000002,0,0.0
9,4,874.43,0,0.0
367,6,690.83,1,1.0
188,1,39.12,1,1.0
15,7,1879.55,0,0.0
539,4,932.76,1,1.0
393,1,151.05,1,1.0
728,1,165.0,1,1.0
568,1,109.2,1,1.0
361,1,135.4,1,1.0
18,2,217.71,0,0.01
67,2,567.18,0,0.0
14,13,862.42,0,0.01
23,3,1348.88,0,0.01
16,20,8030.150000000001,0,0.0
27,3,1692.27,0,0.0
1,20,8134.94,0,0.0
678,1,171.13,1,1.0
54,2,304.24,0,0.0
441,2,608.86,1,1.0
33,6,2361.9,0,0.0
410,2,880.62,1,1.0
2,12,3109.99,0,0.0
365,3,663.31,1,1.0
42,3,821.45,0,0.0
72,7,1921.84,0,0.01
4,5,1028.0,0,0.0
533,1,320.25,1,1.0
3,55,147142.77,0,0.0
60,2,324.24,0,0.0
46,16,4881.07,0,0.0
390,1,157.63,1,1.0
0,4,1260.86,0,0.0
75,2,422.6,0,0.01
71,4,353.03000000000003,0,0.0
417,2,178.83,1,1.0
255,4,1914.7,1,1.0
68,5,1179.48,0,0.0
722,1,98.3,1,1.0
561,2,191.9,1,1.0
134,4,657.9,1,1.0
240,1,112.75,1,1.0
226,2,1998.0,1,0.99
379,7,994.6,1,1.0
8,25,8830.77,0,0.0
8,26,9916.73,0,0.0
414,4,1110.83,1,1.0
617,2,664.16,1,0.99
0,42,43515.051,0,0.0
36,3,531.35,0,0.0
399,4,533.41,1,1.0
45,1,656.63,0,0.0
84,14,9056.01,0,0.0
18,22,5921.35,0,0.0
2,9,2868.48,0,0.0
8,13,4232.87,0,0.0
18,32,14115.56,0,0.0
218,4,1497.33,1,1.0
77,2,625.52,0,0.0
266,3,2149.6800000000003,1,1.0
23,14,6663.68,0,0.0
368,5,3006.08,1,1.0
14,14,3513.62,0,0.0
25,3,758.74,0,0.0
261,1,292.47,1,1.0
16,22,8189.56,0,0.0
90,4,1231.36,0,0.02
404,1,147.35,1,1.0
301,14,1688.26,1,1.0
25,7,2063.88,0,0.0
363,4,1377.77,1,0.99
45,4,1048.28,0,0.0
37,21,7205.33,0,0.0
51,3,743.11,0,0.01
647,1,170.3,1,1.0
31,4,4387.64,0,0.0
529,1,259.68,1,1.0
51,3,646.76,0,0.0
78,14,6217.41,0,0.01
505,5,2956.56,1,1.0
52,2,835.2,0,0.0
297,1,3.75,1,0.98
176,2,786.43,1,1.0
394,1,226.91,1,1.0
624,1,173.06,1,1.0
46,14,2799.87,0,0.0
28,14,4212.15,0,0.0
10,7,1291.91,0,0.0
86,17,7180.7,0,0.01
4,42,18046.75,0,0.0
37,2,836.0600000000001,0,0.0
17,14,3637.33,0,0.0
590,2,4157.88,1,0.99
44,5,623.93,0,0.0
30,1,1764.72,0,0.0
372,1,207.5,1,1.0
57,1,223.92,0,0.0
371,29,65500.07,1,0.99
113,7,2864.68,1,1.0
214,7,1312.37,1,0.98
318,2,270.48,1,1.0
64,1,369.34,0,0.0
7,3,789.79,0,0.0
429,1,228.0,1,1.0
96,1,316.62,1,1.0
19,3,1207.24,0,0.0
198,2,964.7,1,1.0
3,13,2790.9500000000003,0,0.0
293,2,454.75,1,0.99
272,2,1145.6,1,1.0
30,15,8056.76,0,0.0
47,9,1698.57,0,0.0
259,4,1117.05,1,1.0
57,9,1778.93,0,0.0
32,10,3949.6,0,0.0
422,3,3698.05,1,1.0
56,3,421.24,0,0.0
67,8,1567.48,0,0.0
9,16,2820.84,0,0.0
59,2,592.51,0,0.0
79,5,1292.18,0,0.0
73,2,245.94,0,0.01
1,53,32809.03,0,0.0
99,3,596.4,1,1.0
371,2,623.0,1,1.0
9,38,9636.12,0,0.0
436,1,391.95,1,1.0
19,5,892.33,0,0.0
409,1,533.78,1,1.0
393,1,51.84,1,1.0
397,4,1017.53,1,1.0
122,5,1928.93,1,1.0
7,1,80.8,0,0.0
3,6,1545.62,0,0.0
28,15,3957.63,0,0.0
281,5,623.46,1,1.0
56,1,243.84,0,0.0
0,15,2052.7,0,0.01
364,3,2062.41,1,1.0
88,1,305.62,0,0.0
392,5,1802.02,1,1.0
553,3,841.16,1,1.0
431,2,452.78,1,1.0
10,1,1162.65,0,0.0
162,4,1594.23,1,1.0
678,2,582.61,1,1.0
64,1,332.3,0,0.0
22,3,536.99,0,0.0
173,5,1091.34,1,1.0
102,4,762.16,1,1.0
142,6,2123.88,1,0.99
98,2,288.42,1,1.0
22,9,1727.43,0,0.0
191,2,842.04,1,1.0
4,2,547.07,0,0.0
360,4,2392.0,1,1.0
7,10,1652.18,0,0.0
13,36,11924.85,0,0.0
453,2,406.02,1,1.0
102,4,417.06,1,0.99
2,13,2560.7,0,0.0
10,11,3349.57,0,0.0
464,2,182.59,1,1.0
95,1,497.61,1,1.0
381,1,113.35,1,1.0
685,1,181.39,1,1.0
226,7,2243.09,1,0.99
15,3,686.24,0,0.0
38,5,1826.89,0,0.0
50,1,341.7,0,0.0
392,5,392.13,1,1.0
92,2,128.5,1,1.0
156,2,513.32,1,1.0
38,4,1207.5,0,0.0
564,1,91.8,1,1.0
183,5,417.61,1,1.0
0,6,2409.04,0,0.0
227,2,898.9599999999999,1,1.0
127,6,1456.66,1,1.0
39,4,782.37,0,0.0
30,11,3170.98,0,0.0
196,4,1159.61,1,0.99
8,44,21758.25,0,0.0
602,2,139.85,1,1.0
36,12,4006.06,0,0.0
100,3,1264.19,1,1.0
42,35,19571.43,0,0.0
562,2,614.34,1,1.0
617,1,253.88,1,1.0
49,3,842.41,0,0.0
42,2,614.89,0,0.0
52,4,1411.62,0,0.0
186,1,124.57,1,1.0
333,1,332.41,1,1.0
3,3,342.45,0,0.0
9,2,144.91,0,0.01
416,2,1408.96,1,1.0
23,2,328.4,0,0.0
14,3,358.49,0,0.0
442,1,352.8,1,1.0
368,10,4292.59,1,1.0
144,7,1932.41,1,1.0
452,3,1610.62,1,1.0
59,5,946.59,0,0.0
546,4,662.33,1,1.0
30,3,834.27,0,0.0
433,2,409.25,1,1.0
401,1,130.95,1,1.0
140,3,207.74,1,1.0
689,1,76.74000000000001,1,1.0
393,3,384.56,1,1.0
22,4,817.12,0,0.0
468,1,450.16,1,1.0
21,6,2812.34,0,0.0
76,6,1213.13,0,0.0
4,12,14617.39,0,0.0
378,1,209.89,1,1.0
66,11,4234.53,0,0.0
403,1,136.01,1,1.0
11,6,846.62,0,0.0
83,1,13.3,0,0.02
30,8,1813.21,0,0.0
66,1,432.0,0,0.0
66,3,705.12,0,0.0
186,19,2246.06,1,0.99
37,4,1070.97,0,0.0
14,4,684.6,0,0.0
455,1,134.0,1,1.0
34,3,658.17,0,0.0
400,3,434.2,1,1.0
194,6,2526.65,1,1.0
476,3,285.41,1,1.0
1,11,1727.94,0,0.0
0,7,754.75,0,0.0
366,2,249.89,1,1.0
501,3,1306.96,1,1.0
64,5,1102.9,0,0.0
554,1,103.95,1,1.0
298,2,289.78,1,1.0
25,5,885.21,0,0.0
7,8,1695.77,0,0.01
16,3,887.11,0,0.0
728,1,204.26,1,1.0
115,1,1706.88,1,0.98
28,3,1041.75,0,0.0
3,21,4675.36,0,0.0
4,17,4706.77,0,0.0
81,7,1410.92,0,0.01
28,9,1470.89,0,0.0
721,1,252.59,1,1.0
71,1,379.14,0,0.0
3,8,1508.96,0,0.01
635,2,255.25,1,1.0
28,15,4460.51,0,0.0
289,3,423.91,1,1.0
35,1,183.76,0,0.01
8,11,1543.18,0,0.0
23,4,902.02,0,0.0
276,2,1851.88,1,1.0
49,16,3206.54,0,0.0
155,24,4909.66,1,0.96
410,1,355.45,1,1.0
60,3,409.21,0,0.0
572,1,611.08,1,1.0
11,32,13157.13,0,0.0
20,3,829.89,0,0.0
539,1,125.65,1,1.0
370,5,1169.61,1,1.0
115,3,543.05,1,1.0
79,29,3897.53,0,0.0
3,7,1295.39,0,0.0
25,3,378.89,0,0.0
4,23,5032.22,0,0.0
52,3,412.55,0,0.0
0,9,3099.3,0,0.0
54,6,2083.14,0,0.0
381,3,530.86,1,1.0
25,2,548.29,0,0.0
498,1,196.25,1,1.0
8,9,6995.360000000001,0,0.0
488,3,433.85,1,1.0
51,8,6427.66,0,0.0
611,1,33.0,1,1.0
12,9,1904.99,0,0.0
211,5,1299.49,1,1.0
609,1,101.36,1,1.0
21,33,8548.16,0,0.0
382,5,1222.04,1,1.0
235,5,955.21,1,1.0
138,7,868.77,1,0.99
3,6,1286.27,0,0.0
56,10,3541.77,0,0.0
134,3,1277.75,1,1.0
108,5,795.83,1,0.99
29,1,20.8,0,0.01
0,20,6081.88,0,0.0
184,6,1120.31,1,1.0
17,1,308.74,0,0.0
238,2,416.64,1,1.0
434,1,778.49,1,0.99
86,1,117.35,0,0.01
38,8,1990.88,0,0.0
115,3,794.56,1,0.99
409,1,251.04,1,1.0
186,1,110.55,1,1.0
732,2,207.85,1,1.0
226,1,201.19,1,1.0
7,7,2154.97,0,0.0
188,1,319.02,1,1.0
3,2,439.43,0,0.0
38,3,650.41,0,0.0
625,1,71.4,1,1.0
37,1,357.21,0,0.0
382,2,749.0,1,1.0
385,1,127.0,1,1.0
522,2,365.5,1,1.0
422,3,926.12,1,1.0
266,1,251.52,1,1.0
394,4,496.0,1,1.0
77,3,768.88,0,0.0
3,9,2859.74,0,0.0
254,3,1422.83,1,0.99
60,1,384.06,0,0.0
12,11,3490.53,0,0.0
87,9,10350.53,0,0.0
16,23,10923.16,0,0.0
29,11,4888.75,0,0.0
2,11,2521.4,0,0.0
4,2,382.67,0,0.0
6,6,1133.25,0,0.0
218,2,344.0,1,1.0
420,1,1041.21,1,1.0
10,13,5476.5,0,0.01
463,2,1950.95,1,1.0
29,9,2123.61,0,0.01
287,3,702.0,1,1.0
149,5,402.0,1,1.0
22,2,484.82,0,0.0
395,2,406.3,1,1.0
0,19,6640.8,0,0.0
85,7,2571.55,0,0.02
401,4,828.21,1,1.0
45,4,2324.36,0,0.0
470,2,622.36,1,1.0
4,8,1635.27,0,0.01
50,7,1120.1,0,0.0
428,1,81.36,1,1.0
550,1,242.06,1,1.0
17,1,195.36,0,0.01
29,3,671.7,0,0.0
724,1,360.61,1,1.0
7,3,583.4300000000001,0,0.0
28,3,1838.61,0,0.0
576,1,552.4,1,1.0
2,29,12576.99,0,0.0
40,6,2287.7,0,0.0
10,11,3602.29,0,0.0
541,2,935.62,1,1.0
441,6,1182.22,1,1.0
30,2,260.0,0,0.0
416,3,800.1800000000001,1,1.0
44,3,95.85,0,0.0
60,5,1349.67,0,0.0
184,3,175.83,1,0.98
78,9,1310.63,0,0.0
580,3,1593.83,1,1.0
110,7,2137.3,1,1.0
63,1,146.87,0,0.0
11,6,2773.85,0,0.0
547,8,2984.32,1,1.0
85,4,1332.79,0,0.0
15,5,1276.42,0,0.0
245,4,613.59,1,1.0
382,1,176.89999999999998,1,1.0
87,1,1267.32,0,0.01
29,2,743.17,0,0.0
603,1,1954.99,1,1.0
137,2,463.25,1,1.0
26,6,1655.2,0,0.01
2,5,1036.58,0,0.0
31,8,2593.65,0,0.0
24,12,11962.3,0,0.0
112,5,827.6800000000001,1,1.0
156,5,1906.07,1,1.0
84,6,2289.23,0,0.0
117,7,2071.68,1,1.0
2,19,9942.53,0,0.0
95,11,4648.59,1,0.97
193,4,706.49,1,1.0
27,1,399.09,0,0.0
130,1,498.48,1,1.0
27,5,1356.33,0,0.0
445,1,232.85,1,1.0
737,1,128.60000000000002,1,1.0
595,1,294.74,1,1.0
81,3,1179.89,0,0.0
29,9,4864.57,0,0.0
265,1,234.24,1,1.0
73,11,5232.2300000000005,0,0.0
313,6,889.75,1,1.0
20,13,3638.53,0,0.0
58,3,855.45,0,0.0
637,2,194.7,1,1.0
725,1,228.34,1,1.0
724,3,454.54,1,1.0
11,47,8987.68,0,0.01
27,14,5517.2300000000005,0,0.02
113,2,437.42,1,0.99
27,13,3793.71,0,0.0
624,1,273.35,1,1.0
17,4,1446.09,0,0.0
562,1,203.05,1,1.0
17,10,2236.63,0,0.0
35,6,1242.75,0,0.0
577,1,306.0,1,1.0
35,2,378.2,0,0.0
77,1,118.8,0,0.0
21,7,957.53,0,0.0
24,6,949.39,0,0.0
32,6,4732.03,0,0.0
108,9,4049.79,1,1.0
34,3,5001.21,0,0.0
122,28,7847.67,1,0.95
6,6,2050.08,0,0.0
737,1,221.53,1,1.0
27,4,1991.01,0,0.03
385,1,128.45,1,1.0
3,13,3080.1800000000003,0,0.0
2,19,7495.75,0,0.0
49,11,5511.41,0,0.0
592,1,235.88,1,1.0
321,2,402.2000000000001,1,1.0
22,7,2572.25,0,0.0
14,11,3697.93,0,0.0
1,9,1143.36,0,0.0
381,3,591.07,1,1.0
532,1,582.17,1,1.0
17,2,971.74,0,0.0
9,7,2507.05,0,0.0
261,1,25.5,1,1.0
721,1,424.3,1,1.0
423,1,474.03,1,1.0
158,2,665.78,1,1.0
388,1,481.58,1,1.0
32,10,16052.72,0,0.0
663,1,174.95,1,1.0
28,8,1291.71,0,0.0
164,3,499.9,1,1.0
46,2,459.58,0,0.0
502,1,197.57,1,1.0
573,6,2305.59,1,1.0
5,8,801.12,0,0.0
7,7,2761.49,0,0.0
647,1,389.78,1,1.0
287,1,116.2,1,1.0
317,1,157.02,1,1.0
2,2,606.91,0,0.0
232,1,307.46,1,1.0
402,1,314.74,1,1.0
118,4,570.5,1,1.0
161,3,977.17,1,1.0
184,1,294.24,1,1.0
49,1,230.5,0,0.0
151,9,2016.43,1,1.0
428,5,1155.0300000000002,1,0.99
334,1,157.09,1,1.0
519,1,31.85,1,1.0
4,5,2463.17,0,0.0
451,2,1220.91,1,1.0
15,12,14622.33,0,0.0
106,3,625.3,1,1.0
15,10,1722.18,0,0.0
661,1,231.68,1,1.0
415,6,1099.81,1,1.0
275,7,4417.27,1,1.0
15,25,19566.76,0,0.0
246,1,454.12,1,1.0
417,4,727.58,1,1.0
238,4,1275.25,1,1.0
416,2,880.97,1,1.0
0,2,984.57,0,0.0
512,4,3120.91,1,0.99
105,13,5852.64,1,0.97
22,9,3199.95,0,0.0
51,1,124.88,0,0.0
450,1,143.10000000000002,1,1.0
376,6,1357.95,1,1.0
734,1,231.90000000000003,1,1.0
194,4,2016.5,1,1.0
23,1,213.78,0,0.0
74,1,329.34,0,0.0
17,7,892.46,0,0.01
491,1,591.87,1,1.0
7,19,5151.900000000001,0,0.0
31,5,1980.0,0,0.0
21,5,2099.59,0,0.0
30,17,10209.16,0,0.0
443,1,856.01,1,1.0
28,10,1715.46,0,0.0
21,4,699.78,0,0.0
32,7,2467.35,0,0.0
283,6,1794.32,1,1.0
38,2,206.34,0,0.02
379,3,867.11,1,1.0
498,1,400.2,1,1.0
57,3,1156.73,0,0.0
373,2,178.68,1,1.0
288,2,384.59,1,0.98
78,3,956.57,0,0.0
4,8,3766.6,0,0.0
217,1,59.9,1,1.0
43,4,1443.69,0,0.0
201,3,902.32,1,1.0
504,1,119.5,1,1.0
730,1,432.96,1,1.0
177,6,1507.26,1,1.0
55,11,2236.77,0,0.0
56,3,309.85,0,0.02
422,2,321.3,1,1.0
7,6,3347.31,0,0.0
568,2,198.41000000000005,1,1.0
591,3,229.46,1,0.98
46,2,144.0,0,0.02
226,2,467.71,1,1.0
10,13,4592.93,0,0.0
105,5,953.63,1,1.0
58,7,1726.57,0,0.0
27,15,4310.34,0,0.0
535,1,75.28,1,1.0
35,9,2310.04,0,0.0
273,3,812.5,1,1.0
654,1,562.98,1,1.0
427,1,327.75,1,1.0
29,1,1013.01,0,0.0
23,3,692.22,0,0.0
581,1,135.04000000000002,1,1.0
386,4,356.71,1,1.0
53,4,1143.1,0,0.0
420,1,160.65,1,1.0
35,10,5564.09,0,0.0
174,9,5504.6900000000005,1,0.98
53,3,999.35,0,0.0
52,1,204.24,0,0.0
651,1,292.62,1,1.0
395,1,111.15,1,1.0
648,3,595.7,1,1.0
392,1,251.72,1,1.0
26,13,3773.35,0,0.0
252,3,794.41,1,1.0
39,13,4869.400000000001,0,0.0
59,6,1059.12,0,0.0
463,1,186.15,1,1.0
553,1,63.6,1,1.0
233,2,210.1,1,1.0
3,18,3891.39,0,0.0
31,2,259.13,0,0.0
23,21,4457.31,0,0.0
6,5,976.62,0,0.0
64,6,1579.51,0,0.01
309,3,558.04,1,0.99
500,1,100.86,1,1.0
581,1,131.15,1,1.0
308,3,895.47,1,1.0
18,12,1878.93,0,0.0
15,13,2820.03,0,0.0
95,2,318.76,1,1.0
263,18,9388.49,1,1.0
11,25,7064.8,0,0.0
2,2,417.77,0,0.01
34,3,560.86,0,0.0
182,1,149.89,1,1.0
24,8,1562.98,0,0.0
12,12,1929.26,0,0.0
10,4,994.13,0,0.0
2,32,7331.67,0,0.0
312,4,1189.45,1,1.0
595,1,130.6,1,1.0
384,12,2736.64,1,0.99
107,5,2889.2799999999997,1,0.99
0,69,20203.58,0,0.0
52,5,1826.04,0,0.0
204,2,371.63,1,1.0
546,2,38.92,1,0.99
14,1,280.09000000000003,0,0.0
119,2,500.54,1,1.0
428,1,68.03,1,1.0
3,2,381.97,0,0.0
362,3,798.98,1,1.0
116,2,348.90999999999997,1,0.97
17,1,178.26,0,0.0
4,3,469.48,0,0.0
40,4,781.7,0,0.0
106,5,498.93,1,0.99
435,2,189.78,1,1.0
396,2,417.3,1,1.0
147,6,1452.39,1,1.0
410,1,120.95,1,1.0
509,1,221.59,1,1.0
51,11,2488.76,0,0.01
207,1,63.440000000000005,1,1.0
423,1,268.28,1,1.0
138,2,550.01,1,1.0
1,5,501.72,0,0.01
126,2,317.2,1,1.0
107,11,1733.89,1,1.0
385,1,491.81,1,1.0
468,2,601.45,1,1.0
735,1,204.3,1,1.0
41,4,2148.63,0,0.01
423,1,141.12,1,1.0
34,2,573.22,0,0.0
382,1,114.1,1,1.0
401,1,502.49,1,1.0
227,2,1065.35,1,1.0
240,2,271.24,1,1.0
57,1,187.83,0,0.01
437,1,118.86,1,1.0
373,6,797.8499999999999,1,1.0
129,5,2308.54,1,1.0
378,1,188.46,1,1.0
59,8,2788.06,0,0.0
627,2,407.94,1,1.0
21,3,389.18,0,0.0
25,21,3826.86,0,0.0
8,11,2468.43,0,0.0
31,9,2041.8,0,0.0
3,8,1487.96,0,0.01
307,1,550.8000000000001,1,1.0
471,2,271.75,1,1.0
7,17,3750.63,0,0.0
668,2,467.79,1,1.0
28,3,547.0,0,0.0
729,1,338.13,1,1.0
16,1,128.18,0,0.0
100,5,954.26,1,1.0
11,6,993.23,0,0.0
390,2,393.64,1,1.0
20,2,294.39,0,0.0
14,5,1135.63,0,0.0
360,1,250.04,1,1.0
533,1,111.5,1,1.0
648,1,2135.46,1,1.0
10,21,9782.35,0,0.0
394,11,3999.89,1,1.0
392,2,4511.76,1,1.0
94,3,320.39,1,0.99
386,2,1025.1,1,1.0
77,6,3566.56,0,0.0
138,3,644.3,1,1.0
30,1,2328.84,0,0.0
24,17,4904.43,0,0.0
1,43,9599.58,0,0.0
419,1,124.45,1,1.0
45,3,2600.34,0,0.0
724,1,157.32999999999998,1,1.0
668,1,29.1,1,1.0
99,6,2444.85,1,1.0
7,6,1665.21,0,0.0
375,5,922.59,1,1.0
14,12,1551.04,0,0.0
17,12,2171.07,0,0.01
279,3,609.5699999999999,1,1.0
407,2,312.35,1,1.0
409,2,152.35,1,1.0
672,1,104.7,1,1.0
13,5,998.53,0,0.0
22,4,423.8,0,0.0
123,1,175.2,1,1.0
527,5,838.27,1,1.0
85,1,494.25,0,0.0
301,3,635.15,1,1.0
383,2,497.04,1,1.0
471,1,81.12,1,1.0
150,4,1981.06,1,1.0
16,17,11889.33,0,0.0
93,3,302.36,1,1.0
29,18,19617.95,0,0.0
156,5,1272.21,1,1.0
379,4,1227.54,1,1.0
354,6,1259.94,1,1.0
45,2,457.36,0,0.0
14,10,1586.63,0,0.0
3,26,4998.61,0,0.0
85,1,228.96,0,0.0
14,9,2442.29,0,0.0
178,5,772.41,1,1.0
7,7,1893.701,0,0.0
35,12,1988.23,0,0.0
695,1,36.25,1,1.0
128,4,3242.0,1,0.98
50,4,3133.96,0,0.0
385,1,273.31,1,1.0
311,5,946.47,1,1.0
23,2,384.39,0,0.0
302,5,861.01,1,1.0
10,2,284.46,0,0.0
16,6,1200.51,0,0.0
48,5,871.7900000000001,0,0.0
238,7,1024.04,1,1.0
394,3,920.46,1,1.0
0,28,11972.92,0,0.0
12,15,8184.49,0,0.0
431,2,1077.24,1,1.0
237,1,167.55,1,1.0
22,14,2758.29,0,0.0
455,1,979.2,1,1.0
72,4,446.18,0,0.0
16,6,655.37,0,0.02
40,28,4347.31,0,0.0
39,7,1167.5,0,0.0
218,3,727.11,1,1.0
198,4,660.55,1,1.0
70,4,453.64,0,0.0
23,78,17644.27,0,0.0
373,1,10.95,1,1.0
10,1,389.72,0,0.0
433,3,645.0,1,1.0
8,38,36398.65,0,0.0
64,8,902.28,0,0.0
3,2,304.09000000000003,0,0.0
18,3,507.55,0,0.0
14,1,256.11,0,0.0
7,7,2812.77,0,0.0
19,2,746.81,0,0.0
77,11,2675.37,0,0.0
0,61,57215.33,0,0.0
420,1,149.3,1,1.0
163,2,508.8,1,1.0
306,3,585.92,1,1.0
410,2,381.15,1,1.0
218,1,203.87,1,1.0
507,1,97.5,1,1.0
38,14,8409.6,0,0.0
21,3,1198.28,0,0.0
114,3,653.38,1,1.0
125,8,4623.28,1,0.99
540,1,114.85,1,1.0
4,23,4635.5599999999995,0,0.0
35,2,382.87,0,0.0
3,23,47781.12,0,0.0
0,3,1031.41,0,0.0
332,13,4186.95,1,0.96
411,1,552.9,1,1.0
162,3,316.09000000000003,1,1.0
184,10,7793.51,1,0.97
15,5,1214.72,0,0.0
11,5,1425.38,0,0.0
2,16,4220.22,0,0.0
404,2,560.14,1,1.0
43,6,2249.52,0,0.0
79,1,507.84,0,0.0
29,22,17298.45,0,0.0
548,1,164.18,1,0.99
41,3,670.0600000000001,0,0.0
10,18,6126.25,0,0.0
49,6,953.58,0,0.0
385,3,1059.41,1,0.99
15,11,3594.76,0,0.0
45,3,1118.95,0,0.0
18,2,759.17,0,0.0
7,13,8077.77,0,0.0
71,1,100.8,0,0.0
0,45,31466.76,0,0.0
127,5,1357.46,1,1.0
32,4,622.57,0,0.0
312,1,403.3,1,1.0
17,9,1728.99,0,0.0
87,2,569.96,0,0.02
1,7,2373.82,0,0.0
410,1,331.35,1,1.0
1,5,534.0600000000001,0,0.01
529,1,369.68,1,1.0
253,5,1422.77,1,1.0
655,1,325.74,1,1.0
156,4,323.58,1,1.0
731,1,293.35,1,1.0
36,15,4620.3,0,0.0
219,1,534.24,1,1.0
147,3,2940.04,1,1.0
176,2,120.9,1,1.0
39,2,541.53,0,0.0
496,46,14523.67,1,0.97
1,13,4868.15,0,0.0
7,51,244784.25,0,0.0
0,7,1721.4,0,0.0
17,2,486.72,0,0.0
191,10,1547.94,1,0.99
203,1,131.7,1,1.0
364,2,975.56,1,1.0
126,14,5984.81,1,0.98
14,2,529.58,0,0.0
42,2,657.3,0,0.0
93,16,2157.9700000000003,1,0.99
22,3,735.82,0,0.0
59,2,675.69,0,0.0
15,7,2535.26,0,0.0
157,3,907.14,1,1.0
425,7,2542.79,1,1.0
9,2,763.28,0,0.0
394,1,102.6,1,1.0
9,3,194.8,0,0.01
15,17,5051.25,0,0.0
44,11,2626.47,0,0.0
474,1,321.65000000000003,1,1.0
190,4,922.35,1,1.0
408,2,607.0,1,1.0
599,1,1047.0,1,1.0
78,1,194.37,0,0.01
395,2,489.86,1,1.0
612,2,1144.3,1,1.0
407,2,1272.8000000000002,1,1.0
632,1,389.26,1,1.0
77,2,882.23,0,0.0
3,4,1255.59,0,0.0
486,2,775.64,1,1.0
64,4,591.73,0,0.0
575,2,209.57,1,1.0
260,1,396.87,1,0.99
727,1,160.55,1,1.0
640,1,336.5,1,1.0
58,2,376.64,0,0.0
0,9,2750.5,0,0.0
0,17,5653.67,0,0.0
247,3,1122.42,1,1.0
384,1,100.91,1,1.0
501,1,54.7,1,1.0
7,3,806.72,0,0.0
358,4,1412.89,1,0.98
389,2,287.25,1,1.0
75,1,272.21999999999997,0,0.0
289,2,1341.39,1,1.0
16,3,1138.0,0,0.0
220,2,288.6,1,1.0
8,4,689.1,0,0.0
2,2,558.96,0,0.0
205,18,9490.17,1,0.99
161,5,2435.48,1,1.0
75,1,302.2,0,0.0
261,2,605.58,1,1.0
280,8,4579.23,1,0.99
57,8,6083.64,0,0.01
24,2,514.56,0,0.0
2,60,172132.87,0,0.0
28,18,5467.820000000001,0,0.0
71,3,1158.8,0,0.0
127,2,522.0,1,1.0
30,9,1602.51,0,0.0
14,6,947.5,0,0.0
308,1,153.94,1,1.0
425,2,329.42,1,1.0
16,15,4774.17,0,0.0
53,1,546.81,0,0.0
29,5,1278.06,0,0.0
1,5,1070.71,0,0.0
10,4,652.74,0,0.0
360,3,539.14,1,1.0
359,3,1161.9,1,0.99
4,12,3939.24,0,0.01
53,4,939.37,0,0.0
0,8,3628.5,0,0.0
609,2,1240.25,1,1.0
0,12,2791.69,0,0.0
189,3,1266.82,1,1.0
385,1,65.34,1,1.0
434,1,34.8,1,1.0
53,5,1668.83,0,0.0
279,1,164.4,1,0.99
176,3,364.83,1,1.0
29,2,887.67,0,0.0
25,1,98.42,0,0.0
617,4,1176.84,1,1.0
24,6,1590.6,0,0.0
509,1,119.86,1,1.0
269,3,340.85,1,0.96
549,1,120.05,1,1.0
389,3,944.82,1,1.0
42,6,1409.86,0,0.0
375,2,727.85,1,1.0
233,4,731.26,1,1.0
23,2,148.86,0,0.0
196,9,2506.64,1,0.99
358,1,290.34,1,1.0
59,12,2786.77,0,0.0
129,4,3757.6,1,0.99
0,5,1952.45,0,0.0
19,5,1045.74,0,0.0
205,2,300.67,1,1.0
13,4,575.46,0,0.0
392,1,259.17,1,1.0
512,1,167.62,1,1.0
94,9,1895.8,1,1.0
18,4,703.02,0,0.0
13,7,1122.38,0,0.0
577,2,392.38,1,1.0
23,3,454.01,0,0.0
586,1,131.83,1,1.0
7,2,869.77,0,0.0
6,9,4838.08,0,0.0
632,1,374.45,1,1.0
331,1,344.14,1,1.0
381,1,100.0,1,1.0
49,5,1630.91,0,0.0
70,10,652.21,0,0.02
28,3,380.6,0,0.0
242,1,185.65,1,1.0
666,1,171.7,1,1.0
7,41,8711.95,0,0.0
644,2,348.75,1,1.0
217,7,1047.33,1,1.0
4,4,753.28,0,0.0
252,5,541.02,1,1.0
0,43,17951.17,0,0.0
235,5,1446.95,1,1.0
559,1,135.95,1,1.0
6,6,5309.42,0,0.0
108,7,2064.71,1,1.0
618,1,167.4,1,1.0
627,1,176.71,1,1.0
99,7,2939.55,1,0.99
59,18,13837.94,0,0.0
1,3,1468.02,0,0.0
72,8,2339.32,0,0.0
738,1,148.3,1,1.0
3,11,8092.32,0,0.01
84,4,2497.88,0,0.0
11,2,386.69,0,0.0
22,13,4491.46,0,0.0
213,5,3484.09,1,1.0
380,1,409.98,1,1.0
477,1,52.05,1,1.0
17,1,161.67000000000002,0,0.0
238,2,413.08,1,1.0
1,14,7354.43,0,0.0
77,4,1788.38,0,0.01
216,6,942.38,1,1.0
589,1,160.75,1,1.0
736,1,87.30000000000001,1,1.0
375,1,333.81,1,1.0
32,4,488.06,0,0.0
40,11,1887.9,0,0.0
539,5,1511.94,1,1.0
6,28,8337.53,0,0.0
52,18,5394.86,0,0.0
22,14,4544.55,0,0.0
56,1,386.32,0,0.0
129,6,721.8,1,1.0
173,4,734.4,1,1.0
558,1,385.19,1,1.0
5,11,4001.64,0,0.0
311,1,214.37,1,1.0
59,1,81.44,0,0.0
20,6,3175.12,0,0.0
597,2,1130.21,1,1.0
32,7,2365.77,0,0.0
14,4,1568.63,0,0.0
17,8,5978.9,0,0.01
602,1,254.0,1,1.0
478,1,296.36,1,1.0
80,1,75.75,0,0.0
5,10,2455.52,0,0.0
169,2,503.6,1,1.0
1,7,998.49,0,0.0
30,7,2057.39,0,0.0
35,9,2358.59,0,0.0
423,3,1265.58,1,1.0
18,1,285.56,0,0.0
30,2,547.0600000000001,0,0.0
646,2,842.4,1,1.0
275,6,615.17,1,1.0
86,6,3168.94,0,0.01
119,5,1824.49,1,0.99
372,2,439.7,1,1.0
0,20,6028.6,0,0.0
218,12,3898.79,1,1.0
64,3,331.65999999999997,0,0.01
60,5,2216.37,0,0.0
137,3,1578.89,1,1.0
20,1,166.07999999999998,0,0.0
11,16,5703.5199999999995,0,0.0
24,12,4867.72,0,0.0
36,4,1207.56,0,0.0
276,1,117.55,1,1.0
10,9,2976.38,0,0.0
72,5,1674.69,0,0.0
429,1,126.0,1,1.0
25,2,595.42,0,0.0
16,14,3586.99,0,0.0
140,2,342.22,1,1.0
661,2,412.92,1,1.0
25,17,5175.83,0,0.0
18,4,1166.23,0,0.0
492,1,563.1,1,1.0
3,5,2047.8,0,0.0
65,9,3950.7,0,0.0
0,2,347.75,0,0.0
42,10,6142.35,0,0.0
227,1,205.7,1,1.0
15,5,2009.16,0,0.0
49,7,5778.63,0,0.0
1,13,4173.88,0,0.0
73,2,551.04,0,0.0
0,70,37642.48,0,0.0
3,10,2448.64,0,0.0
1,54,35058.46,0,0.0
263,2,599.76,1,1.0
52,7,3577.61,0,0.0
23,3,497.45,0,0.0
596,5,731.2,1,1.0
9,11,4065.28,0,0.0
385,3,819.01,1,1.0
43,1,239.41,0,0.0
16,12,5454.95,0,0.0
6,9,8296.81,0,0.0
420,1,432.68,1,1.0
393,1,304.2,1,1.0
387,2,317.08,1,1.0
29,20,6963.8,0,0.0
357,4,637.55,1,1.0
126,12,2975.8,1,1.0
136,1,200.47,1,1.0
141,3,1695.97,1,1.0
131,5,1746.04,1,1.0
37,27,7679.59,0,0.0
235,1,338.95,1,1.0
260,1,154.95,1,1.0
476,2,442.0,1,1.0
16,14,6679.97,0,0.0
252,1,417.95,1,1.0
29,6,3144.04,0,0.0
34,4,1094.84,0,0.0
168,2,885.19,1,1.0
2,11,2083.9,0,0.0
3,31,20272.15,0,0.0
184,8,609.3,1,0.99
187,4,884.1800000000001,1,1.0
169,5,671.01,1,1.0
423,1,293.5,1,1.0
10,2,385.1,0,0.0
44,1,522.91,0,0.0
381,4,1198.09,1,1.0
320,5,1410.18,1,1.0
200,2,489.6,1,1.0
22,24,15956.97,0,0.0
420,1,376.92,1,1.0
231,2,439.18,1,1.0
37,15,5396.04,0,0.0
25,10,2666.91,0,0.0
658,1,307.21000000000004,1,1.0
95,5,3520.2200000000003,1,1.0
126,7,3378.4000000000005,1,1.0
70,3,1033.0,0,0.0
15,11,3439.08,0,0.0
394,7,1092.06,1,1.0
14,1,1060.25,0,0.0
3,5,4238.76,0,0.0
595,1,438.65,1,1.0
2,20,7773.8,0,0.0
78,6,1708.99,0,0.0
372,8,2166.42,1,1.0
38,2,692.19,0,0.0
53,6,1442.32,0,0.0
1,26,16790.33,0,0.0
8,3,377.44,0,0.0
8,2,168.24,0,0.01
18,13,4183.56,0,0.0
11,18,7730.59,0,0.0
388,6,426.9,1,1.0
406,2,101.1,1,1.0
112,11,2098.48,1,1.0
447,1,229.2,1,1.0
3,7,2649.14,0,0.0
477,2,600.34,1,1.0
239,4,904.18,1,1.0
112,1,71.4,1,1.0
526,1,358.15,1,1.0
177,3,1026.18,1,1.0
4,9,1710.45,0,0.0
420,1,157.86,1,1.0
358,1,80.64,1,1.0
463,4,382.06,1,1.0
0,13,4451.22,0,0.0
375,3,728.75,1,1.0
0,56,9074.05,0,0.0
18,12,4964.03,0,0.0
16,5,1261.88,0,0.0
21,6,746.39,0,0.02
32,1,712.78,0,0.0
455,1,129.75,1,1.0
262,4,86.15,1,0.97
50,5,1513.57,0,0.0
158,4,524.0,1,1.0
380,2,299.61,1,1.0
14,2,413.05,0,0.0
7,7,3292.73,0,0.0
12,17,7053.38,0,0.0
198,5,1143.27,1,1.0
56,4,387.41,0,0.0
10,3,360.75,0,0.0
513,2,575.37,1,1.0
96,9,3273.83,1,0.99
254,1,56.4,1,1.0
386,2,330.56,1,0.99
24,3,647.56,0,0.0
661,1,197.7,1,1.0
20,3,650.32,0,0.0
666,3,346.56,1,0.99
158,2,188.02,1,1.0
382,2,679.02,1,0.99
71,3,376.96,0,0.0
549,1,112.86,1,1.0
52,3,403.38,0,0.0
84,2,266.85,0,0.0
152,4,1817.54,1,0.99
73,2,1117.9,0,0.0
280,2,397.15,1,1.0
26,20,2779.41,0,0.01
29,1,106.1,0,0.0
466,2,368.35,1,1.0
24,1,300.34,0,0.0
686,2,147.3,1,1.0
179,2,342.83,1,1.0
39,7,1236.39,0,0.0
21,8,1971.87,0,0.0
581,1,178.07,1,1.0
21,20,6246.93,0,0.0
36,9,1187.21,0,0.0
450,3,770.03,1,1.0
81,10,4946.22,0,0.0
391,1,184.66,1,1.0
375,3,383.78,1,1.0
73,2,927.03,0,0.0
10,1,546.04,0,0.0
394,3,437.87,1,1.0
548,4,262.64,1,1.0
15,20,10085.89,0,0.0
668,2,373.16,1,1.0
3,47,9519.8,0,0.01
12,7,911.99,0,0.0
13,5,1698.07,0,0.0
374,2,1609.37,1,1.0
392,1,591.96,1,1.0
36,6,96.11,0,0.01
3,6,788.15,0,0.0
737,1,124.78,1,1.0
71,12,6021.05,0,0.02
373,1,180.61,1,1.0
405,1,334.62,1,1.0
419,5,2162.93,1,1.0
420,2,449.25,1,1.0
50,1,298.4,0,0.0
598,4,701.96,1,1.0
373,1,133.34,1,1.0
4,6,2376.17,0,0.0
22,4,1820.09,0,0.0
298,5,4756.74,1,1.0
1,3,398.7,0,0.0
32,1,35.400000000000006,0,0.0
49,1,155.37,0,0.0
722,1,338.46000000000004,1,1.0
414,2,689.6700000000001,1,1.0
2,3,342.24,0,0.0
46,1,110.21,0,0.0
41,8,1541.23,0,0.0
26,13,5604.64,0,0.0
41,1,318.15,0,0.0
443,1,175.9,1,1.0
1,211,68545.25,0,0.0
601,1,430.69,1,1.0
302,2,320.4,1,1.0
106,1,51.559999999999995,1,1.0
554,4,596.09,1,0.99
84,1,2033.1,0,0.0
515,2,129.69,1,1.0
80,30,3559.11,0,0.0
217,8,1063.76,1,1.0
371,155,51208.87,1,0.97
421,6,1552.35,1,0.99
11,5,657.8100000000001,0,0.0
406,3,1596.29,1,1.0
184,6,1068.5,1,1.0
372,1,208.97,1,1.0
1,4,1418.03,0,0.0
3,24,27347.04,0,0.0
5,30,12518.65,0,0.0
304,1,141.92,1,1.0
368,4,717.39,1,1.0
2,18,5088.29,0,0.0
323,4,1254.89,1,1.0
58,12,5360.48,0,0.0
12,5,876.57,0,0.0
30,46,26312.19,0,0.02
142,3,1134.95,1,1.0
29,15,1582.0500000000002,0,0.03
385,1,227.15,1,1.0
106,7,813.64,1,0.99
1,13,2753.29,0,0.0
204,5,1068.95,1,1.0
381,1,235.87,1,1.0
79,18,6265.33,0,0.0
184,6,683.46,1,1.0
687,1,167.1,1,1.0
399,3,3424.02,1,1.0
169,1,237.61,1,1.0
43,3,1378.93,0,0.01
173,1,178.52,1,1.0
364,3,824.9200000000001,1,1.0
303,1,133.35,1,1.0
378,2,291.56,1,1.0
2,7,988.42,0,0.0
3,20,2698.47,0,0.01
11,1,156.34,0,0.0
31,6,1572.55,0,0.0
128,1,111.35,1,1.0
20,25,1807.44,0,0.03
211,7,746.42,1,1.0
322,2,586.89,1,0.99
161,1,203.86,1,1.0
55,3,244.1,0,0.0
224,1,107.21,1,1.0
71,18,2304.58,0,0.0
43,1,95.45,0,0.0
22,1,256.32,0,0.0
172,9,2099.89,1,1.0
84,4,299.18,0,0.01
158,1,154.55,1,1.0
189,2,112.2,1,1.0
28,3,260.08,0,0.0
546,1,216.4,1,1.0
393,1,381.09,1,1.0
20,1,181.07,0,0.0
70,13,2178.87,0,0.01
246,1,72.9,1,1.0
640,1,291.76,1,1.0
373,5,1142.47,1,1.0
736,1,110.05,1,1.0
725,1,261.7,1,1.0
8,1,366.23,0,0.0
309,6,374.55,1,0.98
58,14,3429.29,0,0.0
3,1,329.36,0,0.0
550,1,225.78,1,1.0
628,2,43.87,1,0.99
44,3,335.03,0,0.0
500,3,396.39,1,1.0
87,2,1840.32,0,0.0
3,54,23581.78,0,0.0
63,10,2394.36,0,0.01
542,1,170.4,1,1.0
281,3,497.0,1,1.0
11,8,3257.7000000000003,0,0.0
372,1,244.08,1,1.0
132,5,1035.49,1,1.0
721,1,294.0,1,1.0
44,3,341.24,0,0.0
10,12,3082.1,0,0.0
35,13,4275.22,0,0.0
133,14,3402.24,1,0.97
28,3,1331.57,0,0.01
631,1,114.69,1,1.0
51,3,1049.15,0,0.0
137,7,686.14,1,0.99
4,1,380.13,0,0.0
8,7,4301.22,0,0.0
419,1,144.29,1,1.0
159,1,99.14,1,1.0
48,16,30306.79,0,0.0
130,4,1433.28,1,1.0
7,1,77.50000000000001,0,0.0
422,1,74.99,1,1.0
696,3,360.35,1,0.99
232,2,149.57999999999998,1,1.0
36,1,176.68,0,0.0
146,1,358.56000000000006,1,1.0
0,118,117314.08,0,0.0
71,7,1166.29,0,0.0
39,4,1340.5800000000002,0,0.0
377,4,788.46,1,1.0
539,1,159.17000000000002,1,1.0
4,19,3804.38,0,0.0
198,6,949.9,1,1.0
248,1,12.75,1,0.99
65,1,111.68,0,0.0
116,2,973.88,1,1.0
591,1,140.75,1,1.0
170,3,135.08,1,0.98
20,100,2866.74,0,0.01
141,4,666.96,1,1.0
470,4,643.16,1,1.0
31,2,463.21,0,0.01
37,29,7006.65,0,0.01
37,10,1963.92,0,0.0
371,2,223.42,1,1.0
373,4,590.44,1,1.0
165,20,2354.29,1,0.99
210,1,562.79,1,1.0
547,1,161.94,1,1.0
241,1,135.19,1,1.0
51,1,337.04,0,0.0
24,6,1739.09,0,0.0
14,24,6696.33,0,0.0
371,1,321.79,1,1.0
28,2,1511.45,0,0.0
364,4,1159.99,1,0.99
35,4,732.41,0,0.0
165,4,1012.72,1,1.0
410,1,239.12,1,1.0
680,1,138.18,1,1.0
394,1,171.71,1,1.0
144,5,1152.19,1,1.0
21,1,631.35,0,0.0
55,1,20.8,0,0.01
184,5,965.44,1,1.0
11,14,489.54,0,0.04
378,1,207.33,1,1.0
236,6,1527.61,1,1.0
224,3,300.3,1,1.0
388,1,252.88,1,1.0
616,1,225.99,1,1.0
121,11,2270.0299999999997,1,0.99
281,3,495.48,1,1.0
379,3,482.33,1,1.0
73,8,1962.46,0,0.02
379,3,639.24,1,1.0
36,3,528.46,0,0.0
563,1,124.25,1,1.0
11,6,924.14,0,0.0
375,4,244.37,1,1.0
375,1,353.51,1,1.0
361,1,157.92,1,1.0
3,2,226.47,0,0.01
22,4,969.51,0,0.0
392,1,215.22,1,0.99
69,23,19759.08,0,0.0
234,8,2144.23,1,1.0
256,1,174.8,1,1.0
372,2,410.79,1,1.0
722,1,115.3,1,1.0
154,2,187.29,1,1.0
27,1,162.22,0,0.0
3,1,120.03,0,0.0
31,7,1954.56,0,0.0
80,4,688.0,0,0.0
107,4,297.99,1,1.0
51,1,38.45,0,0.0
543,1,190.48,1,1.0
509,2,216.41,1,1.0
35,5,1507.25,0,0.0
152,2,389.78,1,0.97
379,6,1177.72,1,1.0
500,2,2074.07,1,1.0
98,1,115.31,1,1.0
582,1,192.05,1,1.0
641,1,433.77,1,1.0
3,2,230.65,0,0.0
378,1,451.3,1,1.0
333,1,73.5,1,1.0
64,1,93.82,0,0.0
21,3,754.2,0,0.0
35,5,1260.23,0,0.0
31,11,1545.49,0,0.0
153,15,167.42,1,0.99
555,1,141.48,1,1.0
373,4,548.22,1,1.0
18,2,357.20000000000005,0,0.0
11,38,8018.77,0,0.0
53,2,281.15,0,0.0
24,3,529.29,0,0.0
3,18,3505.61,0,0.0
44,1,178.34,0,0.0
649,1,189.63,1,1.0
380,2,326.09,1,1.0
202,3,394.93,1,1.0
436,2,500.92,1,1.0
358,2,412.06,1,1.0
633,7,2282.28,1,1.0
564,1,10877.18,1,1.0
70,3,571.07,0,0.0
392,1,176.5,1,1.0
6,14,10142.64,0,0.0
287,2,554.6,1,1.0
392,3,1188.46,1,0.99
9,3,774.06,0,0.0
22,3,306.46,0,0.02
407,2,1185.46,1,0.99
21,28,6083.81,0,0.01
172,6,1632.67,1,0.99
390,2,186.6,1,1.0
132,11,4481.83,1,1.0
5,29,5866.63,0,0.0
74,3,1440.4,0,0.0
39,1,396.33,0,0.0
288,1,101.7,1,1.0
25,11,4464.92,0,0.0
668,1,314.1,1,1.0
257,6,1169.68,1,1.0
185,1,247.44,1,1.0
113,12,3859.82,1,0.99
373,2,1019.44,1,1.0
22,20,5783.29,0,0.0
379,1,151.49,1,1.0
7,18,4078.79,0,0.0
216,4,725.53,1,1.0
44,5,4203.93,0,0.0
18,2,1231.5,0,0.0
35,3,343.45,0,0.0
25,1,680.84,0,0.0
397,1,463.53,1,1.0
15,3,795.2299999999999,0,0.0
329,4,1341.85,1,1.0
273,1,101.34,1,1.0
97,17,14761.52,1,0.87
60,1,166.03,0,0.0
446,1,428.45,1,1.0
421,1,321.9,1,1.0
592,1,360.85,1,1.0
1,18,14693.72,0,0.0
92,8,4452.71,1,0.98
81,13,6391.52,0,0.01
312,5,2303.09,1,1.0
11,6,1657.87,0,0.01
7,11,4627.92,0,0.0
395,1,527.94,1,1.0
126,1,168.31,1,1.0
549,1,451.56,1,1.0
10,5,622.01,0,0.0
0,145,580987.04,0,0.0
548,1,105.8,1,1.0
36,1,754.64,0,0.0
37,1,113.48000000000002,0,0.0
329,6,1441.06,1,1.0
441,1,165.88,1,1.0
253,3,848.8100000000001,1,1.0
1,38,9555.71,0,0.0
19,2,392.28,0,0.0
588,1,405.85,1,1.0
11,4,773.36,0,0.0
368,1,76.32000000000001,1,1.0
289,1,220.1,1,1.0
697,1,9.7,1,1.0
67,13,2134.49,0,0.03
25,1,315.65,0,0.0
10,29,6221.02,0,0.0
367,1,180.7,1,1.0
213,1,111.15,1,1.0
148,2,653.3,1,1.0
7,6,1793.06,0,0.0
23,3,666.64,0,0.0
471,1,102.65,1,1.0
29,4,1131.75,0,0.0
60,1,200.92,0,0.0
18,4,556.13,0,0.0
536,1,399.29,1,1.0
242,1,112.55,1,1.0
14,3,1059.39,0,0.0
631,1,222.96,1,1.0
503,1,220.13,1,1.0
211,1,931.5,1,1.0
597,2,445.0,1,1.0
28,10,1249.62,0,0.0
62,5,1631.36,0,0.0
550,2,145.99,1,1.0
294,1,152.65,1,1.0
17,6,8438.34,0,0.0
473,1,536.41,1,1.0
401,2,882.47,1,1.0
156,2,1019.52,1,1.0
116,2,1000.16,1,1.0
7,19,4892.95,0,0.0
12,11,5609.74,0,0.0
140,2,160.35,1,1.0
45,2,179.34,0,0.0
646,1,112.85,1,1.0
50,7,1553.96,0,0.0
31,3,566.58,0,0.0
134,6,1879.44,1,1.0
645,1,426.69,1,1.0
658,1,246.22,1,1.0
2,5,932.6,0,0.0
74,3,371.62,0,0.0
12,2,675.64,0,0.0
570,1,213.9,1,1.0
8,2,453.4,0,0.0
300,1,530.15,1,1.0
56,3,1003.88,0,0.0
14,6,1803.1,0,0.01
731,1,371.51,1,1.0
583,1,728.84,1,1.0
36,1,399.65,0,0.0
176,1,302.46,1,1.0
623,1,175.5,1,1.0
22,3,1384.86,0,0.01
175,16,3435.5,1,0.97
60,1,202.65,0,0.0
32,9,2878.0,0,0.0
58,9,2437.31,0,0.0
14,52,17467.24,0,0.0
86,5,2696.36,0,0.0
6,2,162.5,0,0.01
675,1,176.1,1,1.0
357,1,476.35,1,1.0
30,9,2216.32,0,0.0
128,11,6103.74,1,0.99
8,8,2547.55,0,0.0
4,6,1843.75,0,0.0
23,5,1188.34,0,0.0
462,1,291.13,1,1.0
226,2,632.07,1,1.0
14,1,49.8,0,0.01
248,1,304.25,1,1.0
722,1,329.58000000000004,1,1.0
631,1,724.89,1,1.0
14,6,3280.59,0,0.0
77,3,1403.73,0,0.0
191,5,745.62,1,1.0
261,2,529.4,1,1.0
71,1,957.97,0,0.0
164,3,1207.35,1,0.99
81,6,4162.04,0,0.0
386,1,101.16,1,1.0
94,4,1457.19,1,0.99
575,1,230.1,1,1.0
3,17,5425.56,0,0.0
683,1,344.75,1,1.0
105,1,150.35,1,1.0
722,1,447.53,1,1.0
199,3,1396.99,1,1.0
156,4,492.52,1,1.0
70,3,1975.35,0,0.0
35,2,517.36,0,0.0
552,1,314.65999999999997,1,1.0
498,1,544.47,1,1.0
565,1,360.08,1,1.0
28,1,139.10000000000002,0,0.0
1,7,2768.83,0,0.0
25,5,600.07,0,0.0
325,2,514.37,1,1.0
236,1,232.48,1,1.0
530,4,1780.34,1,1.0
88,5,2232.49,0,0.0
30,1,481.75,0,0.0
28,4,945.04,0,0.0
210,4,1121.84,1,1.0
2,17,3352.7000000000003,0,0.01
226,6,1921.76,1,1.0
21,6,1424.94,0,0.0
92,1,443.0,1,0.98
4,26,14000.85,0,0.0
263,1,158.95000000000002,1,1.0
2,26,13014.8,0,0.0
43,26,11878.88,0,0.0
217,2,388.75,1,0.99
56,2,779.9,0,0.0
11,28,10150.51,0,0.0
8,9,4291.06,0,0.0
191,28,6854.17,1,0.97
81,4,592.97,0,0.01
325,1,440.0,1,1.0
551,1,179.6,1,1.0
71,3,1796.48,0,0.0
29,12,1795.35,0,0.0
2,5,987.1,0,0.0
514,1,270.92,1,1.0
218,6,1712.26,1,1.0
45,1,422.58,0,0.0
9,21,2986.99,0,0.0
71,8,3605.21,0,0.0
413,1,515.78,1,1.0
430,2,568.64,1,1.0
6,20,6324.9800000000005,0,0.0
23,3,758.8199999999999,0,0.0
414,3,839.73,1,1.0
122,2,804.02,1,1.0
16,1,95.34,0,0.0
309,1,349.27,1,1.0
86,9,26278.86,0,0.0
50,7,1533.69,0,0.0
642,1,317.88,1,1.0
580,1,267.9,1,1.0
88,2,303.15,0,0.02
387,1,110.7,1,1.0
38,12,4600.15,0,0.0
463,6,2059.67,1,1.0
24,7,3941.9,0,0.0
172,23,9947.26,1,0.97
42,2,324.24,0,0.0
139,3,577.54,1,1.0
25,3,1213.16,0,0.0
498,1,603.25,1,1.0
71,2,801.51,0,0.0
433,1,251.1,1,1.0
672,1,269.37,1,1.0
133,6,1490.23,1,1.0
365,1,168.6,1,1.0
37,3,444.55,0,0.0
609,2,680.85,1,0.99
2,9,4385.9800000000005,0,0.0
1,4,357.0,0,0.0
29,1,175.92,0,0.0
577,2,741.85,1,1.0
43,6,1656.52,0,0.01
57,5,1180.05,0,0.0
73,2,414.2000000000001,0,0.0
518,1,231.34,1,1.0
277,2,488.15,1,1.0
180,2,201.14,1,1.0
7,2,178.05,0,0.0
3,22,2664.9,0,0.0
431,1,461.68,1,1.0
660,1,427.0,1,1.0
476,2,1296.43,1,1.0
42,7,4182.99,0,0.0
